,0
0,C:\Program Files (x86)\Python\Python36-32\work\nse\Rediff\profit.ndtv.com\stock\' +home+'.html
1,C:\Program Files (x86)\Python\Python36-32\work\nse\Rediff\profit.ndtv.com\stock\' +links[i]+'.html
2,C:\Program Files (x86)\Python\Python36-32\work\nse\Rediff\profit.ndtv.com\stock\' +market+'.html
3,C:\Program Files (x86)\Python\Python36-32\work\nse\Rediff\profit.ndtv.com\stock\' +marketStat+'.html
4,C:\Program Files (x86)\Python\Python36-32\work\nse\Rediff\profit.ndtv.com\stock\' +yourMoney+'.html
5,C:\Program Files (x86)\Python\Python36-32\work\nse\Rediff\profit.ndtv.com\stock\-.html
6,C:\Program Files (x86)\Python\Python36-32\work\nse\Rediff\profit.ndtv.com\stock\20-microns-ltd_20microns.html
7,C:\Program Files (x86)\Python\Python36-32\work\nse\Rediff\profit.ndtv.com\stock\aarti-drugs-ltd_aartidrugs.html
8,C:\Program Files (x86)\Python\Python36-32\work\nse\Rediff\profit.ndtv.com\stock\abhinav-capital-services-ltd_abhicap.html
9,C:\Program Files (x86)\Python\Python36-32\work\nse\Rediff\profit.ndtv.com\stock\abhinav-leasing-&-finance-ltd_stk-538952.html
10,C:\Program Files (x86)\Python\Python36-32\work\nse\Rediff\profit.ndtv.com\stock\abhishek-finlease-ltd_stk-538935.html
11,C:\Program Files (x86)\Python\Python36-32\work\nse\Rediff\profit.ndtv.com\stock\acc-ltd_accltd.html
12,C:\Program Files (x86)\Python\Python36-32\work\nse\Rediff\profit.ndtv.com\stock\ad-manum-finance-ltd_admanumfin.html
13,C:\Program Files (x86)\Python\Python36-32\work\nse\Rediff\profit.ndtv.com\stock\adani-ports-and-special-economic-zone-ltd_adaniports.html
14,C:\Program Files (x86)\Python\Python36-32\work\nse\Rediff\profit.ndtv.com\stock\aditya-birla-fashion-and-retail-ltd_pfrl.html
15,C:\Program Files (x86)\Python\Python36-32\work\nse\Rediff\profit.ndtv.com\stock\advik-laboratories-ltd_adviklabs.html
16,C:\Program Files (x86)\Python\Python36-32\work\nse\Rediff\profit.ndtv.com\stock\ajmera-realty-&-infra-india-ltd_ajmera.html
17,C:\Program Files (x86)\Python\Python36-32\work\nse\Rediff\profit.ndtv.com\stock\albert-david-ltd_albertdavid.html
18,C:\Program Files (x86)\Python\Python36-32\work\nse\Rediff\profit.ndtv.com\stock\alchemist-ltd_alchem.html
19,C:\Program Files (x86)\Python\Python36-32\work\nse\Rediff\profit.ndtv.com\stock\alchemist-realty-ltd_alchemistrel.html
20,C:\Program Files (x86)\Python\Python36-32\work\nse\Rediff\profit.ndtv.com\stock\alembic-ltd_alembicltd.html
21,C:\Program Files (x86)\Python\Python36-32\work\nse\Rediff\profit.ndtv.com\stock\alfa-transformers-ltd_alfatrans.html
22,C:\Program Files (x86)\Python\Python36-32\work\nse\Rediff\profit.ndtv.com\stock\alok-industries-ltd_aloktext.html
23,C:\Program Files (x86)\Python\Python36-32\work\nse\Rediff\profit.ndtv.com\stock\alpa-laboratories-ltd_alpa.html
24,C:\Program Files (x86)\Python\Python36-32\work\nse\Rediff\profit.ndtv.com\stock\alpine-housing-development-corporation-ltd_alpinehou.html
25,C:\Program Files (x86)\Python\Python36-32\work\nse\Rediff\profit.ndtv.com\stock\alps-motor-finance-ltd_stk-538423.html
26,C:\Program Files (x86)\Python\Python36-32\work\nse\Rediff\profit.ndtv.com\stock\amara-raja-batteries-ltd_amarajabat.html
27,C:\Program Files (x86)\Python\Python36-32\work\nse\Rediff\profit.ndtv.com\stock\ambalal-sarabhai-enterprises-ltd_ambasarabh.html
28,C:\Program Files (x86)\Python\Python36-32\work\nse\Rediff\profit.ndtv.com\stock\ambuja-cements-ltd_ambujacem.html
29,C:\Program Files (x86)\Python\Python36-32\work\nse\Rediff\profit.ndtv.com\stock\amrutanjan-health-care-ltd_amrutanjan.html
30,C:\Program Files (x86)\Python\Python36-32\work\nse\Rediff\profit.ndtv.com\stock\amulya-leasing-&-finance-ltd_amulyaleafin.html
31,C:\Program Files (x86)\Python\Python36-32\work\nse\Rediff\profit.ndtv.com\stock\anjani-finance-ltd_anjanifin.html
32,C:\Program Files (x86)\Python\Python36-32\work\nse\Rediff\profit.ndtv.com\stock\anjani-foods-ltd_raasienter.html
33,C:\Program Files (x86)\Python\Python36-32\work\nse\Rediff\profit.ndtv.com\stock\ansal-buildwell-ltd_ansalbuild.html
34,C:\Program Files (x86)\Python\Python36-32\work\nse\Rediff\profit.ndtv.com\stock\ansal-housing-&-construction-ltd_ansalhsg.html
35,C:\Program Files (x86)\Python\Python36-32\work\nse\Rediff\profit.ndtv.com\stock\ansal-properties-&-infrastructure-ltd_ansalapi.html
36,C:\Program Files (x86)\Python\Python36-32\work\nse\Rediff\profit.ndtv.com\stock\antarctica-ltd_antgraphic.html
37,C:\Program Files (x86)\Python\Python36-32\work\nse\Rediff\profit.ndtv.com\stock\anuh-pharma-ltd_anuhpharma.html
38,C:\Program Files (x86)\Python\Python36-32\work\nse\Rediff\profit.ndtv.com\stock\aplab-ltd_aplab.html
39,C:\Program Files (x86)\Python\Python36-32\work\nse\Rediff\profit.ndtv.com\stock\apollo-hospitals-enterprise-ltd_apollohosp.html
40,C:\Program Files (x86)\Python\Python36-32\work\nse\Rediff\profit.ndtv.com\stock\apollo-tyres-ltd_apollotyre.html
41,C:\Program Files (x86)\Python\Python36-32\work\nse\Rediff\profit.ndtv.com\stock\archies-ltd_archies.html
42,C:\Program Files (x86)\Python\Python36-32\work\nse\Rediff\profit.ndtv.com\stock\arihant-foundations-&-housing-ltd_arihant.html
43,C:\Program Files (x86)\Python\Python36-32\work\nse\Rediff\profit.ndtv.com\stock\arihant-superstructures-ltd_arihantsup.html
44,C:\Program Files (x86)\Python\Python36-32\work\nse\Rediff\profit.ndtv.com\stock\arman-financial-services-ltd_armanfinserv.html
45,C:\Program Files (x86)\Python\Python36-32\work\nse\Rediff\profit.ndtv.com\stock\arnold-holdings-ltd_arnoldholdgs.html
46,C:\Program Files (x86)\Python\Python36-32\work\nse\Rediff\profit.ndtv.com\stock\arvind-ltd_arvind.html
47,C:\Program Files (x86)\Python\Python36-32\work\nse\Rediff\profit.ndtv.com\stock\arvind-smartspaces-ltd_arvinfra.html
48,C:\Program Files (x86)\Python\Python36-32\work\nse\Rediff\profit.ndtv.com\stock\asahi-infrastructure-&-projects-ltd_asahiinfra.html
49,C:\Program Files (x86)\Python\Python36-32\work\nse\Rediff\profit.ndtv.com\stock\ashapura-intimates-fashion-ltd_ashapurafash.html
50,C:\Program Files (x86)\Python\Python36-32\work\nse\Rediff\profit.ndtv.com\stock\ashapura-minechem-ltd_ashapurmin.html
51,C:\Program Files (x86)\Python\Python36-32\work\nse\Rediff\profit.ndtv.com\stock\ashika-credit-capital-ltd_ashikacredit.html
52,C:\Program Files (x86)\Python\Python36-32\work\nse\Rediff\profit.ndtv.com\stock\ashirwad-steels-&-industries-ltd_ashirwadste.html
53,C:\Program Files (x86)\Python\Python36-32\work\nse\Rediff\profit.ndtv.com\stock\ashoka-buildcon-ltd_ashoka.html
54,C:\Program Files (x86)\Python\Python36-32\work\nse\Rediff\profit.ndtv.com\stock\asian-paints-ltd_asianpaint.html
55,C:\Program Files (x86)\Python\Python36-32\work\nse\Rediff\profit.ndtv.com\stock\astrazeneca-pharma-india-ltd_astrazen.html
56,C:\Program Files (x86)\Python\Python36-32\work\nse\Rediff\profit.ndtv.com\stock\atlanta-ltd_atlanta.html
57,C:\Program Files (x86)\Python\Python36-32\work\nse\Rediff\profit.ndtv.com\stock\au-small-finance-bank-ltd_aubank.html
58,C:\Program Files (x86)\Python\Python36-32\work\nse\Rediff\profit.ndtv.com\stock\auro-laboratories-ltd_aurolabs.html
59,C:\Program Files (x86)\Python\Python36-32\work\nse\Rediff\profit.ndtv.com\stock\aurobindo-pharma-ltd_auropharma.html
60,C:\Program Files (x86)\Python\Python36-32\work\nse\Rediff\profit.ndtv.com\stock\autolite-_autolitind.html
61,C:\Program Files (x86)\Python\Python36-32\work\nse\Rediff\profit.ndtv.com\stock\available-finance-ltd_availablefin.html
62,C:\Program Files (x86)\Python\Python36-32\work\nse\Rediff\profit.ndtv.com\stock\avenue-supermarts-ltd_dmart.html
63,C:\Program Files (x86)\Python\Python36-32\work\nse\Rediff\profit.ndtv.com\stock\avon-lifesciences-ltd_avonorganics.html
64,C:\Program Files (x86)\Python\Python36-32\work\nse\Rediff\profit.ndtv.com\stock\axis-bank-ltd_axisbank.html
65,C:\Program Files (x86)\Python\Python36-32\work\nse\Rediff\profit.ndtv.com\stock\b&b-realty-ltd_b&brealty.html
66,C:\Program Files (x86)\Python\Python36-32\work\nse\Rediff\profit.ndtv.com\stock\b-nanji-enterprises-ltd_bnanjient.html
67,C:\Program Files (x86)\Python\Python36-32\work\nse\Rediff\profit.ndtv.com\stock\bacil-pharma-ltd_bacilpharma.html
68,C:\Program Files (x86)\Python\Python36-32\work\nse\Rediff\profit.ndtv.com\stock\bafna-pharmaceuticals-ltd_bafnapharm.html
69,C:\Program Files (x86)\Python\Python36-32\work\nse\Rediff\profit.ndtv.com\stock\baid-leasing-&-finance-company-ltd_baidleasing.html
70,C:\Program Files (x86)\Python\Python36-32\work\nse\Rediff\profit.ndtv.com\stock\bajaj-auto-ltd_bajaj-auto.html
71,C:\Program Files (x86)\Python\Python36-32\work\nse\Rediff\profit.ndtv.com\stock\bajaj-finserv-ltd_bajajfinsv.html
72,C:\Program Files (x86)\Python\Python36-32\work\nse\Rediff\profit.ndtv.com\stock\bal-pharma-ltd_balpharma.html
73,C:\Program Files (x86)\Python\Python36-32\work\nse\Rediff\profit.ndtv.com\stock\balkrishna-industries-ltd_balkrisind.html
74,C:\Program Files (x86)\Python\Python36-32\work\nse\Rediff\profit.ndtv.com\stock\banas-finance-ltd_banasfinance.html
75,C:\Program Files (x86)\Python\Python36-32\work\nse\Rediff\profit.ndtv.com\stock\bank-of-baroda_bankbaroda.html
76,C:\Program Files (x86)\Python\Python36-32\work\nse\Rediff\profit.ndtv.com\stock\bdh-industries-ltd_mbind.html
77,C:\Program Files (x86)\Python\Python36-32\work\nse\Rediff\profit.ndtv.com\stock\beryl-drugs-ltd_beryldrugs.html
78,C:\Program Files (x86)\Python\Python36-32\work\nse\Rediff\profit.ndtv.com\stock\beryl-securities-ltd_berylsec.html
79,C:\Program Files (x86)\Python\Python36-32\work\nse\Rediff\profit.ndtv.com\stock\bgr-energy-systems-ltd_bgrenergy.html
80,C:\Program Files (x86)\Python\Python36-32\work\nse\Rediff\profit.ndtv.com\stock\bharat-bijlee-ltd_bbl.html
81,C:\Program Files (x86)\Python\Python36-32\work\nse\Rediff\profit.ndtv.com\stock\bharat-immunologicals-&-biologicals-corporation-ltd_bharatimmuno.html
82,C:\Program Files (x86)\Python\Python36-32\work\nse\Rediff\profit.ndtv.com\stock\bharat-petroleum-corporation-ltd_bpcl.html
83,C:\Program Files (x86)\Python\Python36-32\work\nse\Rediff\profit.ndtv.com\stock\bharti-airtel-ltd_bhartiartl.html
84,C:\Program Files (x86)\Python\Python36-32\work\nse\Rediff\profit.ndtv.com\stock\bharti-infratel-ltd_binfra.html
85,C:\Program Files (x86)\Python\Python36-32\work\nse\Rediff\profit.ndtv.com\stock\bhoruka-aluminium-ltd_bhorukaalumi.html
86,C:\Program Files (x86)\Python\Python36-32\work\nse\Rediff\profit.ndtv.com\stock\bigbloc-construction-ltd_bigbloc.html
87,C:\Program Files (x86)\Python\Python36-32\work\nse\Rediff\profit.ndtv.com\stock\bihar-sponge-iron-ltd_biharspong.html
88,C:\Program Files (x86)\Python\Python36-32\work\nse\Rediff\profit.ndtv.com\stock\binny-ltd_binny.html
89,C:\Program Files (x86)\Python\Python36-32\work\nse\Rediff\profit.ndtv.com\stock\biocon-ltd_biocon.html
90,C:\Program Files (x86)\Python\Python36-32\work\nse\Rediff\profit.ndtv.com\stock\biofil-chemicals-&-pharmaceuticals-ltd_biofilchem.html
91,C:\Program Files (x86)\Python\Python36-32\work\nse\Rediff\profit.ndtv.com\stock\birla-capital-and-financial-services-ltd_birlacapital.html
92,C:\Program Files (x86)\Python\Python36-32\work\nse\Rediff\profit.ndtv.com\stock\birla-sun-life-asset-management-company-ltd-_hpl.html
93,C:\Program Files (x86)\Python\Python36-32\work\nse\Rediff\profit.ndtv.com\stock\bl-kashyap-&-sons-ltd_blkashyap.html
94,C:\Program Files (x86)\Python\Python36-32\work\nse\Rediff\profit.ndtv.com\stock\bliss-gvs-pharma-ltd_blissgvs.html
95,C:\Program Files (x86)\Python\Python36-32\work\nse\Rediff\profit.ndtv.com\stock\bnk-capital-markets-ltd_bnkcapital.html
96,C:\Program Files (x86)\Python\Python36-32\work\nse\Rediff\profit.ndtv.com\stock\bombay-dyeing-&-manufacturing-company-ltd_bomdyeing.html
97,C:\Program Files (x86)\Python\Python36-32\work\nse\Rediff\profit.ndtv.com\stock\bombay-rayon-fashions-ltd_brfl.html
98,C:\Program Files (x86)\Python\Python36-32\work\nse\Rediff\profit.ndtv.com\stock\bosch-ltd_boschltd.html
99,C:\Program Files (x86)\Python\Python36-32\work\nse\Rediff\profit.ndtv.com\stock\bothra-metals-&-alloys-ltd_bothrametals.html
100,C:\Program Files (x86)\Python\Python36-32\work\nse\Rediff\profit.ndtv.com\stock\bp-capital-ltd_bpcapital.html
101,C:\Program Files (x86)\Python\Python36-32\work\nse\Rediff\profit.ndtv.com\stock\broadcast-initiatives-ltd_broadcast.html
102,C:\Program Files (x86)\Python\Python36-32\work\nse\Rediff\profit.ndtv.com\stock\bronze-infra-tech-ltd_bronzeinfra.html
103,C:\Program Files (x86)\Python\Python36-32\work\nse\Rediff\profit.ndtv.com\stock\brooks-laboratories-ltd_brooks.html
104,C:\Program Files (x86)\Python\Python36-32\work\nse\Rediff\profit.ndtv.com\stock\bsel-infrastructure-realty-ltd_bselinfra.html
105,C:\Program Files (x86)\Python\Python36-32\work\nse\Rediff\profit.ndtv.com\stock\cadila-healthcare-ltd_cadilahc.html
106,C:\Program Files (x86)\Python\Python36-32\work\nse\Rediff\profit.ndtv.com\stock\calcom-vision-ltd_calcomvision.html
107,C:\Program Files (x86)\Python\Python36-32\work\nse\Rediff\profit.ndtv.com\stock\ceejay-finance-ltd_ceejayfin.html
108,C:\Program Files (x86)\Python\Python36-32\work\nse\Rediff\profit.ndtv.com\stock\celestial-biolabs-ltd_celestial.html
109,C:\Program Files (x86)\Python\Python36-32\work\nse\Rediff\profit.ndtv.com\stock\centenial-surgical-suture-ltd_centenialsur.html
110,C:\Program Files (x86)\Python\Python36-32\work\nse\Rediff\profit.ndtv.com\stock\central-depository-services-_cdsl.html
111,C:\Program Files (x86)\Python\Python36-32\work\nse\Rediff\profit.ndtv.com\stock\century-enka-ltd_centenka.html
112,C:\Program Files (x86)\Python\Python36-32\work\nse\Rediff\profit.ndtv.com\stock\century-extrusions-ltd_centext.html
113,C:\Program Files (x86)\Python\Python36-32\work\nse\Rediff\profit.ndtv.com\stock\cfsl-ltd_cfsl.html
114,C:\Program Files (x86)\Python\Python36-32\work\nse\Rediff\profit.ndtv.com\stock\chd-developers-ltd_chddeveloper.html
115,C:\Program Files (x86)\Python\Python36-32\work\nse\Rediff\profit.ndtv.com\stock\chennai-ferrous-industries-ltd_stk-539011.html
116,C:\Program Files (x86)\Python\Python36-32\work\nse\Rediff\profit.ndtv.com\stock\chennai-meenakshi-multispeciality-hospital-ltd_cmmhospital.html
117,C:\Program Files (x86)\Python\Python36-32\work\nse\Rediff\profit.ndtv.com\stock\cheviot-company-ltd_cheviot.html
118,C:\Program Files (x86)\Python\Python36-32\work\nse\Rediff\profit.ndtv.com\stock\chokhani-securities-ltd_chokhanisec.html
119,C:\Program Files (x86)\Python\Python36-32\work\nse\Rediff\profit.ndtv.com\stock\choksi-laboratories-ltd_choksilab.html
120,C:\Program Files (x86)\Python\Python36-32\work\nse\Rediff\profit.ndtv.com\stock\cindrella-financial-services-ltd_cindrellafin.html
121,C:\Program Files (x86)\Python\Python36-32\work\nse\Rediff\profit.ndtv.com\stock\cipla-ltd_cipla.html
122,C:\Program Files (x86)\Python\Python36-32\work\nse\Rediff\profit.ndtv.com\stock\citadel-realty-&-developers-ltd_citadelreal.html
123,C:\Program Files (x86)\Python\Python36-32\work\nse\Rediff\profit.ndtv.com\stock\coal-india-ltd_coalindia.html
124,C:\Program Files (x86)\Python\Python36-32\work\nse\Rediff\profit.ndtv.com\stock\colgate-palmolive-_colpal.html
125,C:\Program Files (x86)\Python\Python36-32\work\nse\Rediff\profit.ndtv.com\stock\colinz-laboratories-ltd_colinzlabs.html
126,C:\Program Files (x86)\Python\Python36-32\work\nse\Rediff\profit.ndtv.com\stock\combat-drugs-ltd_combatdrugs.html
127,C:\Program Files (x86)\Python\Python36-32\work\nse\Rediff\profit.ndtv.com\stock\comfort-fincap-ltd_comfortfinca.html
128,C:\Program Files (x86)\Python\Python36-32\work\nse\Rediff\profit.ndtv.com\stock\comfort-intech-ltd_comfortint.html
129,C:\Program Files (x86)\Python\Python36-32\work\nse\Rediff\profit.ndtv.com\stock\concord-drugs-ltd_stk-538965.html
130,C:\Program Files (x86)\Python\Python36-32\work\nse\Rediff\profit.ndtv.com\stock\consolidated-finvest-&-holdings-ltd_consofinvt.html
131,C:\Program Files (x86)\Python\Python36-32\work\nse\Rediff\profit.ndtv.com\stock\coral-india-finance-&-housing-ltd_coralfinac.html
132,C:\Program Files (x86)\Python\Python36-32\work\nse\Rediff\profit.ndtv.com\stock\coral-laboratories-ltd_corallabs.html
133,C:\Program Files (x86)\Python\Python36-32\work\nse\Rediff\profit.ndtv.com\stock\country-condos-ltd_councodos.html
134,C:\Program Files (x86)\Python\Python36-32\work\nse\Rediff\profit.ndtv.com\stock\creative-eye-ltd_creativeye.html
135,C:\Program Files (x86)\Python\Python36-32\work\nse\Rediff\profit.ndtv.com\stock\csl-finance-ltd_conssec.html
136,C:\Program Files (x86)\Python\Python36-32\work\nse\Rediff\profit.ndtv.com\stock\cummins-india-ltd_cumminsind.html
137,C:\Program Files (x86)\Python\Python36-32\work\nse\Rediff\profit.ndtv.com\stock\cyber-media-_cybermedia.html
138,C:\Program Files (x86)\Python\Python36-32\work\nse\Rediff\profit.ndtv.com\stock\db-corp-ltd_dbcorp.html
139,C:\Program Files (x86)\Python\Python36-32\work\nse\Rediff\profit.ndtv.com\stock\dcm-financial-services-ltd_dcmfinserv.html
140,C:\Program Files (x86)\Python\Python36-32\work\nse\Rediff\profit.ndtv.com\stock\deccan-gold-mines-ltd_deccangold.html
141,C:\Program Files (x86)\Python\Python36-32\work\nse\Rediff\profit.ndtv.com\stock\delta-leasing-&-finance-ltd_deltaleasfin.html
142,C:\Program Files (x86)\Python\Python36-32\work\nse\Rediff\profit.ndtv.com\stock\delta-magnets-ltd_deltamagnt.html
143,C:\Program Files (x86)\Python\Python36-32\work\nse\Rediff\profit.ndtv.com\stock\den-networks-ltd_den.html
144,C:\Program Files (x86)\Python\Python36-32\work\nse\Rediff\profit.ndtv.com\stock\denis-chem-lab-ltd_denischem.html
145,C:\Program Files (x86)\Python\Python36-32\work\nse\Rediff\profit.ndtv.com\stock\desh-rakshak-aushdhalaya-ltd_deshrakshak.html
146,C:\Program Files (x86)\Python\Python36-32\work\nse\Rediff\profit.ndtv.com\stock\devki-leasing-&-finance-ltd_devkileasing.html
147,C:\Program Files (x86)\Python\Python36-32\work\nse\Rediff\profit.ndtv.com\stock\dhanvantri-jeevan-rekha-ltd_dhanvantri.html
148,C:\Program Files (x86)\Python\Python36-32\work\nse\Rediff\profit.ndtv.com\stock\dhruv-estates-ltd_dhruvestates.html
149,C:\Program Files (x86)\Python\Python36-32\work\nse\Rediff\profit.ndtv.com\stock\dhruva-capital-services-ltd_dhruvacap.html
150,C:\Program Files (x86)\Python\Python36-32\work\nse\Rediff\profit.ndtv.com\stock\dish-tv-india-ltd_dishtv.html
151,C:\Program Files (x86)\Python\Python36-32\work\nse\Rediff\profit.ndtv.com\stock\dolphin-medical-services-ltd_dolphinmedi.html
152,C:\Program Files (x86)\Python\Python36-32\work\nse\Rediff\profit.ndtv.com\stock\dr-agarwals-eye-hospital-ltd_dragarwaleye.html
153,C:\Program Files (x86)\Python\Python36-32\work\nse\Rediff\profit.ndtv.com\stock\dr-lal-pathlabs-ltd_lalpathlab.html
154,C:\Program Files (x86)\Python\Python36-32\work\nse\Rediff\profit.ndtv.com\stock\dr-reddys-laboratories-ltd_drreddy.html
155,C:\Program Files (x86)\Python\Python36-32\work\nse\Rediff\profit.ndtv.com\stock\ds-kulkarni-developers-ltd_dskulkarni.html
156,C:\Program Files (x86)\Python\Python36-32\work\nse\Rediff\profit.ndtv.com\stock\dynamic-portfolio-management-&-services-ltd_dynamicport.html
157,C:\Program Files (x86)\Python\Python36-32\work\nse\Rediff\profit.ndtv.com\stock\easun-reyrolle-ltd_easunreyrl.html
158,C:\Program Files (x86)\Python\Python36-32\work\nse\Rediff\profit.ndtv.com\stock\ece-industries-ltd_eceind.html
159,C:\Program Files (x86)\Python\Python36-32\work\nse\Rediff\profit.ndtv.com\stock\ecl-finance-ltd-_stk-951496.html
160,C:\Program Files (x86)\Python\Python36-32\work\nse\Rediff\profit.ndtv.com\stock\edelweiss-financial-services-ltd_edelweiss.html
161,C:\Program Files (x86)\Python\Python36-32\work\nse\Rediff\profit.ndtv.com\stock\edynamics-solutions-ltd_edynamicsol.html
162,C:\Program Files (x86)\Python\Python36-32\work\nse\Rediff\profit.ndtv.com\stock\eicher-motors-ltd_eichermot.html
163,C:\Program Files (x86)\Python\Python36-32\work\nse\Rediff\profit.ndtv.com\stock\ekam-leasing-&-finance-company-ltd_ekamleafin.html
164,C:\Program Files (x86)\Python\Python36-32\work\nse\Rediff\profit.ndtv.com\stock\elango-industries-ltd_elangoind.html
165,C:\Program Files (x86)\Python\Python36-32\work\nse\Rediff\profit.ndtv.com\stock\eldeco-housing-&-industries-ltd_eldecohsg.html
166,C:\Program Files (x86)\Python\Python36-32\work\nse\Rediff\profit.ndtv.com\stock\elder-health-care-ltd_elderhealth.html
167,C:\Program Files (x86)\Python\Python36-32\work\nse\Rediff\profit.ndtv.com\stock\elder-pharmaceuticals-ltd_elderpharm.html
168,C:\Program Files (x86)\Python\Python36-32\work\nse\Rediff\profit.ndtv.com\stock\emami-infrastructure-ltd_emamiinfra.html
169,C:\Program Files (x86)\Python\Python36-32\work\nse\Rediff\profit.ndtv.com\stock\emami-ltd_emamiltd.html
170,C:\Program Files (x86)\Python\Python36-32\work\nse\Rediff\profit.ndtv.com\stock\emedcom-technologies-ltd_emedcomtech.html
171,C:\Program Files (x86)\Python\Python36-32\work\nse\Rediff\profit.ndtv.com\stock\emerald-leasing-finance-&-investment-company-ltd_stk-538882.html
172,C:\Program Files (x86)\Python\Python36-32\work\nse\Rediff\profit.ndtv.com\stock\emmessar-biotech-&-nutrition-ltd_emmessarbio.html
173,C:\Program Files (x86)\Python\Python36-32\work\nse\Rediff\profit.ndtv.com\stock\enbee-trade-&-finance-ltd_enbeetrade.html
174,C:\Program Files (x86)\Python\Python36-32\work\nse\Rediff\profit.ndtv.com\stock\entertainment-network-_enil.html
175,C:\Program Files (x86)\Python\Python36-32\work\nse\Rediff\profit.ndtv.com\stock\epic-energy-ltd_epicenergy.html
176,C:\Program Files (x86)\Python\Python36-32\work\nse\Rediff\profit.ndtv.com\stock\epsom-properties-ltd_epsomprop.html
177,C:\Program Files (x86)\Python\Python36-32\work\nse\Rediff\profit.ndtv.com\stock\esaar-_esaarind.html
178,C:\Program Files (x86)\Python\Python36-32\work\nse\Rediff\profit.ndtv.com\stock\escorts-finance-ltd_escortsfin.html
179,C:\Program Files (x86)\Python\Python36-32\work\nse\Rediff\profit.ndtv.com\stock\ess-dee-aluminium-ltd_essdee.html
180,C:\Program Files (x86)\Python\Python36-32\work\nse\Rediff\profit.ndtv.com\stock\everest-organics-ltd_everestorgan.html
181,C:\Program Files (x86)\Python\Python36-32\work\nse\Rediff\profit.ndtv.com\stock\exide-industries-ltd_exideind.html
182,C:\Program Files (x86)\Python\Python36-32\work\nse\Rediff\profit.ndtv.com\stock\exotica-ventures-ltd_bluecircle.html
183,C:\Program Files (x86)\Python\Python36-32\work\nse\Rediff\profit.ndtv.com\stock\explicit-finance-ltd_explicitfin.html
184,C:\Program Files (x86)\Python\Python36-32\work\nse\Rediff\profit.ndtv.com\stock\fervent-synergies-ltd_ferventpharm.html
185,C:\Program Files (x86)\Python\Python36-32\work\nse\Rediff\profit.ndtv.com\stock\finkurve-financial-services-ltd_finkurvefin.html
186,C:\Program Files (x86)\Python\Python36-32\work\nse\Rediff\profit.ndtv.com\stock\focus-industrial-resources-ltd_focusirl.html
187,C:\Program Files (x86)\Python\Python36-32\work\nse\Rediff\profit.ndtv.com\stock\fortis-malar-hospitals-ltd_fortismalar.html
188,C:\Program Files (x86)\Python\Python36-32\work\nse\Rediff\profit.ndtv.com\stock\future-enterprises-ltd_pantaloonr.html
189,C:\Program Files (x86)\Python\Python36-32\work\nse\Rediff\profit.ndtv.com\stock\future-retail-ltd_fretail.html
190,C:\Program Files (x86)\Python\Python36-32\work\nse\Rediff\profit.ndtv.com\stock\futuristic-solutions-ltd_futuristicso.html
191,C:\Program Files (x86)\Python\Python36-32\work\nse\Rediff\profit.ndtv.com\stock\gail-_gail.html
192,C:\Program Files (x86)\Python\Python36-32\work\nse\Rediff\profit.ndtv.com\stock\galada-finance-ltd_stk-538881.html
193,C:\Program Files (x86)\Python\Python36-32\work\nse\Rediff\profit.ndtv.com\stock\galada-power-&-telecommunication-ltd_galpowtel.html
194,C:\Program Files (x86)\Python\Python36-32\work\nse\Rediff\profit.ndtv.com\stock\ganesh-housing-corporation-ltd_ganeshhouc.html
195,C:\Program Files (x86)\Python\Python36-32\work\nse\Rediff\profit.ndtv.com\stock\garnet-construction-ltd_garnetconst.html
196,C:\Program Files (x86)\Python\Python36-32\work\nse\Rediff\profit.ndtv.com\stock\garware-wall-ropes-ltd_garwallrop.html
197,C:\Program Files (x86)\Python\Python36-32\work\nse\Rediff\profit.ndtv.com\stock\gayatri-projects-ltd_gayaproj.html
198,C:\Program Files (x86)\Python\Python36-32\work\nse\Rediff\profit.ndtv.com\stock\ge-power-india-ltd_ail.html
199,C:\Program Files (x86)\Python\Python36-32\work\nse\Rediff\profit.ndtv.com\stock\geecee-ventures-ltd_geecee.html
200,C:\Program Files (x86)\Python\Python36-32\work\nse\Rediff\profit.ndtv.com\stock\gemstone-investments-ltd_gemstoneinv.html
201,C:\Program Files (x86)\Python\Python36-32\work\nse\Rediff\profit.ndtv.com\stock\gennex-laboratories-ltd_gennexlab.html
202,C:\Program Files (x86)\Python\Python36-32\work\nse\Rediff\profit.ndtv.com\stock\gfl-financial-india-ltd_gflfinancial.html
203,C:\Program Files (x86)\Python\Python36-32\work\nse\Rediff\profit.ndtv.com\stock\gk-consultants-ltd_gkconsultant.html
204,C:\Program Files (x86)\Python\Python36-32\work\nse\Rediff\profit.ndtv.com\stock\glance-finance-ltd_glancefin.html
205,C:\Program Files (x86)\Python\Python36-32\work\nse\Rediff\profit.ndtv.com\stock\glenmark-pharmaceuticals-ltd_glenmark.html
206,C:\Program Files (x86)\Python\Python36-32\work\nse\Rediff\profit.ndtv.com\stock\global-capital-markets-ltd_globalcapmkt.html
207,C:\Program Files (x86)\Python\Python36-32\work\nse\Rediff\profit.ndtv.com\stock\global-land-masters-corporation-ltd_globalland.html
208,C:\Program Files (x86)\Python\Python36-32\work\nse\Rediff\profit.ndtv.com\stock\globus-power-generation-ltd_globuspower.html
209,C:\Program Files (x86)\Python\Python36-32\work\nse\Rediff\profit.ndtv.com\stock\gloster-ltd_gloster.html
210,C:\Program Files (x86)\Python\Python36-32\work\nse\Rediff\profit.ndtv.com\stock\gmr-infrastructure-ltd_gmrinfra.html
211,C:\Program Files (x86)\Python\Python36-32\work\nse\Rediff\profit.ndtv.com\stock\godavari-drugs-ltd_godavaridrug.html
212,C:\Program Files (x86)\Python\Python36-32\work\nse\Rediff\profit.ndtv.com\stock\godrej-consumer-products-ltd_godrejcp.html
213,C:\Program Files (x86)\Python\Python36-32\work\nse\Rediff\profit.ndtv.com\stock\godrej-properties-ltd_godrejprop.html
214,C:\Program Files (x86)\Python\Python36-32\work\nse\Rediff\profit.ndtv.com\stock\goenka-business-&-finance-ltd_stk-538787.html
215,C:\Program Files (x86)\Python\Python36-32\work\nse\Rediff\profit.ndtv.com\stock\golden-goenka-fincorp-ltd_goldengoenka.html
216,C:\Program Files (x86)\Python\Python36-32\work\nse\Rediff\profit.ndtv.com\stock\golechha-global-finance-ltd_golechhafin.html
217,C:\Program Files (x86)\Python\Python36-32\work\nse\Rediff\profit.ndtv.com\stock\golkonda-aluminium-extrusions-ltd_alumercoind.html
218,C:\Program Files (x86)\Python\Python36-32\work\nse\Rediff\profit.ndtv.com\stock\goodyear-india-ltd_goodyear.html
219,C:\Program Files (x86)\Python\Python36-32\work\nse\Rediff\profit.ndtv.com\stock\govind-rubber-ltd_govinruber.html
220,C:\Program Files (x86)\Python\Python36-32\work\nse\Rediff\profit.ndtv.com\stock\gowra-leasing-&-finance-ltd_gowraleasing.html
221,C:\Program Files (x86)\Python\Python36-32\work\nse\Rediff\profit.ndtv.com\stock\goyal-associates-ltd_goyalasso.html
222,C:\Program Files (x86)\Python\Python36-32\work\nse\Rediff\profit.ndtv.com\stock\gradiente-infotainment-ltd_gradienteinf.html
223,C:\Program Files (x86)\Python\Python36-32\work\nse\Rediff\profit.ndtv.com\stock\granules-india-ltd_granules.html
224,C:\Program Files (x86)\Python\Python36-32\work\nse\Rediff\profit.ndtv.com\stock\gsl-securities-ltd_gslsec.html
225,C:\Program Files (x86)\Python\Python36-32\work\nse\Rediff\profit.ndtv.com\stock\gtl-ltd_gtl.html
226,C:\Program Files (x86)\Python\Python36-32\work\nse\Rediff\profit.ndtv.com\stock\gtpl-hathway-ltd_gtpl.html
227,C:\Program Files (x86)\Python\Python36-32\work\nse\Rediff\profit.ndtv.com\stock\gufic-biosciences-ltd_guficbio.html
228,C:\Program Files (x86)\Python\Python36-32\work\nse\Rediff\profit.ndtv.com\stock\gujarat-credit-corporation-ltd_gujcreditcor.html
229,C:\Program Files (x86)\Python\Python36-32\work\nse\Rediff\profit.ndtv.com\stock\gujarat-foils-ltd_gujfoils.html
230,C:\Program Files (x86)\Python\Python36-32\work\nse\Rediff\profit.ndtv.com\stock\gujarat-investa-ltd_gujinvesta.html
231,C:\Program Files (x86)\Python\Python36-32\work\nse\Rediff\profit.ndtv.com\stock\gujarat-lease-financing-ltd_glfl.html
232,C:\Program Files (x86)\Python\Python36-32\work\nse\Rediff\profit.ndtv.com\stock\gujarat-mineral-development-corporation-ltd_gmdcltd.html
233,C:\Program Files (x86)\Python\Python36-32\work\nse\Rediff\profit.ndtv.com\stock\gujarat-terce-laboratories-ltd_gujtercelab.html
234,C:\Program Files (x86)\Python\Python36-32\work\nse\Rediff\profit.ndtv.com\stock\gujarat-themis-biosyn-ltd_gujthemis.html
235,C:\Program Files (x86)\Python\Python36-32\work\nse\Rediff\profit.ndtv.com\stock\hasti-finance-ltd_hastifinance.html
236,C:\Program Files (x86)\Python\Python36-32\work\nse\Rediff\profit.ndtv.com\stock\hathway-bhawani-cabletel-&-datacom-ltd_hathwaybhawa.html
237,C:\Program Files (x86)\Python\Python36-32\work\nse\Rediff\profit.ndtv.com\stock\hathway-cable-&-datacom-ltd_hathway.html
238,C:\Program Files (x86)\Python\Python36-32\work\nse\Rediff\profit.ndtv.com\stock\hazoor-multi-projects-ltd_hazoormulti.html
239,C:\Program Files (x86)\Python\Python36-32\work\nse\Rediff\profit.ndtv.com\stock\hb-estate-developers-ltd_hbestatedev.html
240,C:\Program Files (x86)\Python\Python36-32\work\nse\Rediff\profit.ndtv.com\stock\hb-leasing-&-finance-company-ltd_hbleasing.html
241,C:\Program Files (x86)\Python\Python36-32\work\nse\Rediff\profit.ndtv.com\stock\hb-stockholdings-ltd_hbstock.html
242,C:\Program Files (x86)\Python\Python36-32\work\nse\Rediff\profit.ndtv.com\stock\hcl-technologies-ltd_hcltech.html
243,C:\Program Files (x86)\Python\Python36-32\work\nse\Rediff\profit.ndtv.com\stock\hdfc-bank-ltd_hdfcbank.html
244,C:\Program Files (x86)\Python\Python36-32\work\nse\Rediff\profit.ndtv.com\stock\hemo-organic-ltd_dineshallorg.html
245,C:\Program Files (x86)\Python\Python36-32\work\nse\Rediff\profit.ndtv.com\stock\hero-motocorp-ltd_heromotoco.html
246,C:\Program Files (x86)\Python\Python36-32\work\nse\Rediff\profit.ndtv.com\stock\hester-biosciences-ltd_hesterbio.html
247,C:\Program Files (x86)\Python\Python36-32\work\nse\Rediff\profit.ndtv.com\stock\hikal-ltd_hikal.html
248,C:\Program Files (x86)\Python\Python36-32\work\nse\Rediff\profit.ndtv.com\stock\himatsingka-seide-ltd_himatseide.html
249,C:\Program Files (x86)\Python\Python36-32\work\nse\Rediff\profit.ndtv.com\stock\hind-aluminium-industries-ltd_hindaluminiu.html
250,C:\Program Files (x86)\Python\Python36-32\work\nse\Rediff\profit.ndtv.com\stock\hind-rectifiers-ltd_hirect.html
251,C:\Program Files (x86)\Python\Python36-32\work\nse\Rediff\profit.ndtv.com\stock\hindalco-industries-ltd_hindalco.html
252,C:\Program Files (x86)\Python\Python36-32\work\nse\Rediff\profit.ndtv.com\stock\hinduja-ventures-ltd_hindujaven.html
253,C:\Program Files (x86)\Python\Python36-32\work\nse\Rediff\profit.ndtv.com\stock\hindustan-bio-sciences-ltd_hindbioscien.html
254,C:\Program Files (x86)\Python\Python36-32\work\nse\Rediff\profit.ndtv.com\stock\hindustan-construction-company-ltd_hcc.html
255,C:\Program Files (x86)\Python\Python36-32\work\nse\Rediff\profit.ndtv.com\stock\hindustan-media-ventures-ltd_hmvl.html
256,C:\Program Files (x86)\Python\Python36-32\work\nse\Rediff\profit.ndtv.com\stock\hindustan-petroleum-corporation-ltd_hindpetro.html
257,C:\Program Files (x86)\Python\Python36-32\work\nse\Rediff\profit.ndtv.com\stock\hindustan-unilever-ltd_hindunilvr.html
258,C:\Program Files (x86)\Python\Python36-32\work\nse\Rediff\profit.ndtv.com\stock\housing-&-urban-development-corporation-ltd-_stk-961781.html
259,C:\Program Files (x86)\Python\Python36-32\work\nse\Rediff\profit.ndtv.com\stock\housing-&-urban-development-corporation-ltd-_stk-961782.html
260,C:\Program Files (x86)\Python\Python36-32\work\nse\Rediff\profit.ndtv.com\stock\housing-&-urban-development-corporation-ltd-_stk-961784.html
261,C:\Program Files (x86)\Python\Python36-32\work\nse\Rediff\profit.ndtv.com\stock\housing-&-urban-development-corporation-ltd-_stk-961861.html
262,C:\Program Files (x86)\Python\Python36-32\work\nse\Rediff\profit.ndtv.com\stock\housing-&-urban-development-corporation-ltd_hudco.html
263,C:\Program Files (x86)\Python\Python36-32\work\nse\Rediff\profit.ndtv.com\stock\housing-development-finance-corporation-ltd_hdfc.html
264,C:\Program Files (x86)\Python\Python36-32\work\nse\Rediff\profit.ndtv.com\stock\ht-media-ltd_htmedia.html
265,C:\Program Files (x86)\Python\Python36-32\work\nse\Rediff\profit.ndtv.com\stock\icici-bank-ltd_icicibank.html
266,C:\Program Files (x86)\Python\Python36-32\work\nse\Rediff\profit.ndtv.com\stock\idea-cellular-ltd_idea.html
267,C:\Program Files (x86)\Python\Python36-32\work\nse\Rediff\profit.ndtv.com\stock\ifci-b-785-15-09-2020-pvt_stk-972609.html
268,C:\Program Files (x86)\Python\Python36-32\work\nse\Rediff\profit.ndtv.com\stock\ifci-ltd-_stk-935319.html
269,C:\Program Files (x86)\Python\Python36-32\work\nse\Rediff\profit.ndtv.com\stock\ifci-sr-i-105-1-8-21-pvt_ifci010811.html
270,C:\Program Files (x86)\Python\Python36-32\work\nse\Rediff\profit.ndtv.com\stock\ifl-promoters-ltd_iflpromoters.html
271,C:\Program Files (x86)\Python\Python36-32\work\nse\Rediff\profit.ndtv.com\stock\iitl-projects-ltd_iitlprojects.html
272,C:\Program Files (x86)\Python\Python36-32\work\nse\Rediff\profit.ndtv.com\stock\ikab-securities-&-investment-ltd_oasisfinvest.html
273,C:\Program Files (x86)\Python\Python36-32\work\nse\Rediff\profit.ndtv.com\stock\il&fs-transportation-networks-ltd_il&fstrans.html
274,C:\Program Files (x86)\Python\Python36-32\work\nse\Rediff\profit.ndtv.com\stock\imp-powers-ltd_indlmeter.html
275,C:\Program Files (x86)\Python\Python36-32\work\nse\Rediff\profit.ndtv.com\stock\inani-marbles-&-industries-ltd_inanimarbles.html
276,C:\Program Files (x86)\Python\Python36-32\work\nse\Rediff\profit.ndtv.com\stock\ind-swift-laboratories-ltd_indswftlab.html
277,C:\Program Files (x86)\Python\Python36-32\work\nse\Rediff\profit.ndtv.com\stock\ind-swift-ltd_indswftltd.html
278,C:\Program Files (x86)\Python\Python36-32\work\nse\Rediff\profit.ndtv.com\stock\india-cements-capital-ltd_indiacement.html
279,C:\Program Files (x86)\Python\Python36-32\work\nse\Rediff\profit.ndtv.com\stock\india-finsec-ltd_indiafinsec.html
280,C:\Program Files (x86)\Python\Python36-32\work\nse\Rediff\profit.ndtv.com\stock\india-infrastructure-finance-company-limited_stk-961796.html
281,C:\Program Files (x86)\Python\Python36-32\work\nse\Rediff\profit.ndtv.com\stock\india-lease-development-ltd_indialease.html
282,C:\Program Files (x86)\Python\Python36-32\work\nse\Rediff\profit.ndtv.com\stock\indiabulls-housing-finance-ltd_ibulhsgfin.html
283,C:\Program Files (x86)\Python\Python36-32\work\nse\Rediff\profit.ndtv.com\stock\indian-hume-pipe-company-ltd_indianhume.html
284,C:\Program Files (x86)\Python\Python36-32\work\nse\Rediff\profit.ndtv.com\stock\indian-oil-corporation-ltd_ioc.html
285,C:\Program Files (x86)\Python\Python36-32\work\nse\Rediff\profit.ndtv.com\stock\indian-railway-finance-corporation-ltd-_irfc.html
286,C:\Program Files (x86)\Python\Python36-32\work\nse\Rediff\profit.ndtv.com\stock\indian-terrain-fashions-ltd_indterrain.html
287,C:\Program Files (x86)\Python\Python36-32\work\nse\Rediff\profit.ndtv.com\stock\indianivesh-ltd_indianivesh.html
288,C:\Program Files (x86)\Python\Python36-32\work\nse\Rediff\profit.ndtv.com\stock\indo-asia-finance-ltd_indoasiafin.html
289,C:\Program Files (x86)\Python\Python36-32\work\nse\Rediff\profit.ndtv.com\stock\indo-count-industries-ltd_icil.html
290,C:\Program Files (x86)\Python\Python36-32\work\nse\Rediff\profit.ndtv.com\stock\indo-credit-capital-ltd_indocredit.html
291,C:\Program Files (x86)\Python\Python36-32\work\nse\Rediff\profit.ndtv.com\stock\indo-tech-transformers-ltd_indotech.html
292,C:\Program Files (x86)\Python\Python36-32\work\nse\Rediff\profit.ndtv.com\stock\indoco-remedies-ltd_indoco.html
293,C:\Program Files (x86)\Python\Python36-32\work\nse\Rediff\profit.ndtv.com\stock\indraprastha-medical-corporation-ltd_indramedco.html
294,C:\Program Files (x86)\Python\Python36-32\work\nse\Rediff\profit.ndtv.com\stock\indus-finance-ltd_indusfinance.html
295,C:\Program Files (x86)\Python\Python36-32\work\nse\Rediff\profit.ndtv.com\stock\indusind-bank-ltd_indusindbk.html
296,C:\Program Files (x86)\Python\Python36-32\work\nse\Rediff\profit.ndtv.com\stock\industrial-&-prudential-investment-company-ltd_indprudinv.html
297,C:\Program Files (x86)\Python\Python36-32\work\nse\Rediff\profit.ndtv.com\stock\industrial-investment-trust-ltd_iitl.html
298,C:\Program Files (x86)\Python\Python36-32\work\nse\Rediff\profit.ndtv.com\stock\infomedia-press-ltd_infomedia.html
299,C:\Program Files (x86)\Python\Python36-32\work\nse\Rediff\profit.ndtv.com\stock\infosys-ltd_infy.html
300,C:\Program Files (x86)\Python\Python36-32\work\nse\Rediff\profit.ndtv.com\stock\inland-printers-ltd_inlandprint.html
301,C:\Program Files (x86)\Python\Python36-32\work\nse\Rediff\profit.ndtv.com\stock\innovassynth-investments-ltd_innovasynth.html
302,C:\Program Files (x86)\Python\Python36-32\work\nse\Rediff\profit.ndtv.com\stock\intec-capital-ltd_inteccap.html
303,C:\Program Files (x86)\Python\Python36-32\work\nse\Rediff\profit.ndtv.com\stock\integra-capital-management-ltd_integracap.html
304,C:\Program Files (x86)\Python\Python36-32\work\nse\Rediff\profit.ndtv.com\stock\inter-globe-finance-ltd_inglobefin.html
305,C:\Program Files (x86)\Python\Python36-32\work\nse\Rediff\profit.ndtv.com\stock\invicta-meditek-ltd_invictamedi.html
306,C:\Program Files (x86)\Python\Python36-32\work\nse\Rediff\profit.ndtv.com\stock\iol-chemicals-&-pharmaceuticals-ltd_iolcp.html
307,C:\Program Files (x86)\Python\Python36-32\work\nse\Rediff\profit.ndtv.com\stock\irb-infrastructure-developers-ltd_irb.html
308,C:\Program Files (x86)\Python\Python36-32\work\nse\Rediff\profit.ndtv.com\stock\isf-ltd_isfltd.html
309,C:\Program Files (x86)\Python\Python36-32\work\nse\Rediff\profit.ndtv.com\stock\ishita-drugs-&-industries-ltd_ishitadrugs.html
310,C:\Program Files (x86)\Python\Python36-32\work\nse\Rediff\profit.ndtv.com\stock\istreet-network-ltd_principalpha.html
311,C:\Program Files (x86)\Python\Python36-32\work\nse\Rediff\profit.ndtv.com\stock\itc-ltd_itc.html
312,C:\Program Files (x86)\Python\Python36-32\work\nse\Rediff\profit.ndtv.com\stock\itd-cementation-india-ltd_itdcem.html
313,C:\Program Files (x86)\Python\Python36-32\work\nse\Rediff\profit.ndtv.com\stock\j-kumar-infraproject-ltd_jkil.html
314,C:\Program Files (x86)\Python\Python36-32\work\nse\Rediff\profit.ndtv.com\stock\jagan-lamps-ltd_jaganlamps.html
315,C:\Program Files (x86)\Python\Python36-32\work\nse\Rediff\profit.ndtv.com\stock\jagran-prakashan-ltd_jagran.html
316,C:\Program Files (x86)\Python\Python36-32\work\nse\Rediff\profit.ndtv.com\stock\jagsonpal-finance-&-leasing-ltd_jagsonpalfin.html
317,C:\Program Files (x86)\Python\Python36-32\work\nse\Rediff\profit.ndtv.com\stock\jagsonpal-pharmaceuticals-ltd_jagsnpharm.html
318,C:\Program Files (x86)\Python\Python36-32\work\nse\Rediff\profit.ndtv.com\stock\jai-balaji-industries-ltd_jaibalaji.html
319,C:\Program Files (x86)\Python\Python36-32\work\nse\Rediff\profit.ndtv.com\stock\jain-studios-ltd_jainstudio.html
320,C:\Program Files (x86)\Python\Python36-32\work\nse\Rediff\profit.ndtv.com\stock\jainco-projects-_jaincoproj.html
321,C:\Program Files (x86)\Python\Python36-32\work\nse\Rediff\profit.ndtv.com\stock\jay-mahesh-infraventures-ltd_jminfra.html
322,C:\Program Files (x86)\Python\Python36-32\work\nse\Rediff\profit.ndtv.com\stock\jb-chemicals-&-pharmaceuticals-ltd_jbchepharm.html
323,C:\Program Files (x86)\Python\Python36-32\work\nse\Rediff\profit.ndtv.com\stock\jenburkt-pharmaceuticals-ltd_jenburktphar.html
324,C:\Program Files (x86)\Python\Python36-32\work\nse\Rediff\profit.ndtv.com\stock\jindal-steel-&-power-ltd_jindalstel.html
325,C:\Program Files (x86)\Python\Python36-32\work\nse\Rediff\profit.ndtv.com\stock\jindal-worldwide-ltd_jindworld.html
326,C:\Program Files (x86)\Python\Python36-32\work\nse\Rediff\profit.ndtv.com\stock\jj-finance-corporation-ltd_jjfinance.html
327,C:\Program Files (x86)\Python\Python36-32\work\nse\Rediff\profit.ndtv.com\stock\jk-tyre-&-industries-ltd_jktyre.html
328,C:\Program Files (x86)\Python\Python36-32\work\nse\Rediff\profit.ndtv.com\stock\jsl-industries-ltd_jslind.html
329,C:\Program Files (x86)\Python\Python36-32\work\nse\Rediff\profit.ndtv.com\stock\jyoti-ltd_jyotiltd.html
330,C:\Program Files (x86)\Python\Python36-32\work\nse\Rediff\profit.ndtv.com\stock\kabra-drugs-ltd_kabradrugs.html
331,C:\Program Files (x86)\Python\Python36-32\work\nse\Rediff\profit.ndtv.com\stock\kachchh-minerals-ltd_kachchhmin.html
332,C:\Program Files (x86)\Python\Python36-32\work\nse\Rediff\profit.ndtv.com\stock\kalpa-commercial-ltd_stk-539014.html
333,C:\Program Files (x86)\Python\Python36-32\work\nse\Rediff\profit.ndtv.com\stock\kamanwala-housing-construction-ltd_kamanwalahsg.html
334,C:\Program Files (x86)\Python\Python36-32\work\nse\Rediff\profit.ndtv.com\stock\kamarajar-port-ltd-_stk-961851.html
335,C:\Program Files (x86)\Python\Python36-32\work\nse\Rediff\profit.ndtv.com\stock\kamron-laboratories-ltd_kamronlabs.html
336,C:\Program Files (x86)\Python\Python36-32\work\nse\Rediff\profit.ndtv.com\stock\kaya-ltd_kaya.html
337,C:\Program Files (x86)\Python\Python36-32\work\nse\Rediff\profit.ndtv.com\stock\kaycee-industries-ltd_kayceeind.html
338,C:\Program Files (x86)\Python\Python36-32\work\nse\Rediff\profit.ndtv.com\stock\kcl-infra-projects-ltd_kclinfra.html
339,C:\Program Files (x86)\Python\Python36-32\work\nse\Rediff\profit.ndtv.com\stock\kec-international-ltd_kec.html
340,C:\Program Files (x86)\Python\Python36-32\work\nse\Rediff\profit.ndtv.com\stock\kerala-ayurveda-ltd_keralaayur.html
341,C:\Program Files (x86)\Python\Python36-32\work\nse\Rediff\profit.ndtv.com\stock\kewal-kiran-clothing-ltd_kkcl.html
342,C:\Program Files (x86)\Python\Python36-32\work\nse\Rediff\profit.ndtv.com\stock\key-corp-ltd_keycorp.html
343,C:\Program Files (x86)\Python\Python36-32\work\nse\Rediff\profit.ndtv.com\stock\kic-metaliks-ltd_kicmetalik.html
344,C:\Program Files (x86)\Python\Python36-32\work\nse\Rediff\profit.ndtv.com\stock\kiduja-india-ltd_kidujaindia.html
345,C:\Program Files (x86)\Python\Python36-32\work\nse\Rediff\profit.ndtv.com\stock\kifs-financial-services-ltd_kifsfinser.html
346,C:\Program Files (x86)\Python\Python36-32\work\nse\Rediff\profit.ndtv.com\stock\kilitch-drugs-_kilitch.html
347,C:\Program Files (x86)\Python\Python36-32\work\nse\Rediff\profit.ndtv.com\stock\kinetic-trust-ltd_kinetictrust.html
348,C:\Program Files (x86)\Python\Python36-32\work\nse\Rediff\profit.ndtv.com\stock\kiocl-ltd_kiocl.html
349,C:\Program Files (x86)\Python\Python36-32\work\nse\Rediff\profit.ndtv.com\stock\kirloskar-electric-company-ltd_kecl.html
350,C:\Program Files (x86)\Python\Python36-32\work\nse\Rediff\profit.ndtv.com\stock\kitex-garments-ltd_kitex.html
351,C:\Program Files (x86)\Python\Python36-32\work\nse\Rediff\profit.ndtv.com\stock\kjmc-financial-services-ltd_kjmcfin.html
352,C:\Program Files (x86)\Python\Python36-32\work\nse\Rediff\profit.ndtv.com\stock\kmc-speciality-hospitals-_kmchospitals.html
353,C:\Program Files (x86)\Python\Python36-32\work\nse\Rediff\profit.ndtv.com\stock\kmf-builders-&-developers-ltd_kmfbuilders.html
354,C:\Program Files (x86)\Python\Python36-32\work\nse\Rediff\profit.ndtv.com\stock\knr-construction-ltd_knrcon.html
355,C:\Program Files (x86)\Python\Python36-32\work\nse\Rediff\profit.ndtv.com\stock\kopran-ltd_kopran.html
356,C:\Program Files (x86)\Python\Python36-32\work\nse\Rediff\profit.ndtv.com\stock\kosamattam-finance-ltd-_stk-935381.html
357,C:\Program Files (x86)\Python\Python36-32\work\nse\Rediff\profit.ndtv.com\stock\kotak-mahindra-bank-ltd_kotakbank.html
358,C:\Program Files (x86)\Python\Python36-32\work\nse\Rediff\profit.ndtv.com\stock\kovai-medical-center-&-hospital-ltd_kovai.html
359,C:\Program Files (x86)\Python\Python36-32\work\nse\Rediff\profit.ndtv.com\stock\kpr-mill-ltd_kprmill.html
360,C:\Program Files (x86)\Python\Python36-32\work\nse\Rediff\profit.ndtv.com\stock\krebs-biochemicals-&-industries-ltd_krebsbio.html
361,C:\Program Files (x86)\Python\Python36-32\work\nse\Rediff\profit.ndtv.com\stock\kreon-financial-services-ltd_kreonfinserv.html
362,C:\Program Files (x86)\Python\Python36-32\work\nse\Rediff\profit.ndtv.com\stock\krypton-industries-ltd_kryptonind.html
363,C:\Program Files (x86)\Python\Python36-32\work\nse\Rediff\profit.ndtv.com\stock\ksb-pumps-ltd_ksbpumps.html
364,C:\Program Files (x86)\Python\Python36-32\work\nse\Rediff\profit.ndtv.com\stock\kwality-credit-&-leasing-ltd_kwalitycredi.html
365,C:\Program Files (x86)\Python\Python36-32\work\nse\Rediff\profit.ndtv.com\stock\kz-leasing-&-finance-ltd_kzleasingfin.html
366,C:\Program Files (x86)\Python\Python36-32\work\nse\Rediff\profit.ndtv.com\stock\l&t-finance-holdings-ltd-_stk-715001.html
367,C:\Program Files (x86)\Python\Python36-32\work\nse\Rediff\profit.ndtv.com\stock\l&t-infrastructure-finance-company-ltd-_870lnt22a.html
368,C:\Program Files (x86)\Python\Python36-32\work\nse\Rediff\profit.ndtv.com\stock\l&t-infrastructure-finance-company-ltd-_870lnt22b.html
369,C:\Program Files (x86)\Python\Python36-32\work\nse\Rediff\profit.ndtv.com\stock\lactose-_lactoseindia.html
370,C:\Program Files (x86)\Python\Python36-32\work\nse\Rediff\profit.ndtv.com\stock\ladderup-finance-ltd_ladderupfin.html
371,C:\Program Files (x86)\Python\Python36-32\work\nse\Rediff\profit.ndtv.com\stock\lakshmi-electrical-control-systems-ltd_lakselecon.html
372,C:\Program Files (x86)\Python\Python36-32\work\nse\Rediff\profit.ndtv.com\stock\lakshmi-finance-&-industrial-corporation-ltd_lakshmifin.html
373,C:\Program Files (x86)\Python\Python36-32\work\nse\Rediff\profit.ndtv.com\stock\lancor-holdings-ltd_lancorholdg.html
374,C:\Program Files (x86)\Python\Python36-32\work\nse\Rediff\profit.ndtv.com\stock\landmark-property-development-company-ltd_lpdc.html
375,C:\Program Files (x86)\Python\Python36-32\work\nse\Rediff\profit.ndtv.com\stock\larsen-&-toubro-ltd_lt.html
376,C:\Program Files (x86)\Python\Python36-32\work\nse\Rediff\profit.ndtv.com\stock\larsen-.html
377,C:\Program Files (x86)\Python\Python36-32\work\nse\Rediff\profit.ndtv.com\stock\laurel-organics-ltd_laurelorgani.html
378,C:\Program Files (x86)\Python\Python36-32\work\nse\Rediff\profit.ndtv.com\stock\lead-financial-services-ltd_leadfinserv.html
379,C:\Program Files (x86)\Python\Python36-32\work\nse\Rediff\profit.ndtv.com\stock\libord-finance-ltd_libordfin.html
380,C:\Program Files (x86)\Python\Python36-32\work\nse\Rediff\profit.ndtv.com\stock\lincoln-pharmaceuticals-ltd_lincolnpharm.html
381,C:\Program Files (x86)\Python\Python36-32\work\nse\Rediff\profit.ndtv.com\stock\link-pharma-chem-ltd_linkpharma.html
382,C:\Program Files (x86)\Python\Python36-32\work\nse\Rediff\profit.ndtv.com\stock\lloyds-metals-&-energy-ltd_lloydmetal.html
383,C:\Program Files (x86)\Python\Python36-32\work\nse\Rediff\profit.ndtv.com\stock\lok-housing-&-constructions-ltd_lokhsg.html
384,C:\Program Files (x86)\Python\Python36-32\work\nse\Rediff\profit.ndtv.com\stock\looks-health-services-ltd_monarchhealt.html
385,C:\Program Files (x86)\Python\Python36-32\work\nse\Rediff\profit.ndtv.com\stock\lotus-eye-hospital-and-institute-ltd_lotuseye.html
386,C:\Program Files (x86)\Python\Python36-32\work\nse\Rediff\profit.ndtv.com\stock\lupin-ltd_lupin.html
387,C:\Program Files (x86)\Python\Python36-32\work\nse\Rediff\profit.ndtv.com\stock\lux-industries-ltd_luxind.html
388,C:\Program Files (x86)\Python\Python36-32\work\nse\Rediff\profit.ndtv.com\stock\lyka-labs-ltd_lykalabs.html
389,C:\Program Files (x86)\Python\Python36-32\work\nse\Rediff\profit.ndtv.com\stock\maan-aluminium-ltd_maanalu.html
390,C:\Program Files (x86)\Python\Python36-32\work\nse\Rediff\profit.ndtv.com\stock\mahan-industries-ltd_mahanind.html
391,C:\Program Files (x86)\Python\Python36-32\work\nse\Rediff\profit.ndtv.com\stock\mahanagar-telephone-nigam-ltd_mtnl.html
392,C:\Program Files (x86)\Python\Python36-32\work\nse\Rediff\profit.ndtv.com\stock\mahanivesh-_mahanivesh.html
393,C:\Program Files (x86)\Python\Python36-32\work\nse\Rediff\profit.ndtv.com\stock\mahindra-&-mahindra-financial-services-ltd_m&mfin.html
394,C:\Program Files (x86)\Python\Python36-32\work\nse\Rediff\profit.ndtv.com\stock\mahindra-.html
395,C:\Program Files (x86)\Python\Python36-32\work\nse\Rediff\profit.ndtv.com\stock\majestic-auto-ltd_majesauto.html
396,C:\Program Files (x86)\Python\Python36-32\work\nse\Rediff\profit.ndtv.com\stock\makers-laboratories-ltd_makerslabs.html
397,C:\Program Files (x86)\Python\Python36-32\work\nse\Rediff\profit.ndtv.com\stock\man-infraconstruction-ltd_maninfra.html
398,C:\Program Files (x86)\Python\Python36-32\work\nse\Rediff\profit.ndtv.com\stock\manaksia-aluminium-company-ltd_stk-539045.html
399,C:\Program Files (x86)\Python\Python36-32\work\nse\Rediff\profit.ndtv.com\stock\manappuram-finance-ltd-_stk-934947.html
400,C:\Program Files (x86)\Python\Python36-32\work\nse\Rediff\profit.ndtv.com\stock\manappuram-finance-ltd-_stk-935040.html
401,C:\Program Files (x86)\Python\Python36-32\work\nse\Rediff\profit.ndtv.com\stock\manappuram-finance-ltd-_stk-935228.html
402,C:\Program Files (x86)\Python\Python36-32\work\nse\Rediff\profit.ndtv.com\stock\manappuram-finance-ltd-_stk-935234.html
403,C:\Program Files (x86)\Python\Python36-32\work\nse\Rediff\profit.ndtv.com\stock\mangalam-drugs-&-organics-ltd_mangalam.html
404,C:\Program Files (x86)\Python\Python36-32\work\nse\Rediff\profit.ndtv.com\stock\manjeera-constructions-ltd_manjeera.html
405,C:\Program Files (x86)\Python\Python36-32\work\nse\Rediff\profit.ndtv.com\stock\mansi-finance-_mansifinance.html
406,C:\Program Files (x86)\Python\Python36-32\work\nse\Rediff\profit.ndtv.com\stock\marathon-nextgen-realty-ltd_marathonnext.html
407,C:\Program Files (x86)\Python\Python36-32\work\nse\Rediff\profit.ndtv.com\stock\marg-ltd_marg.html
408,C:\Program Files (x86)\Python\Python36-32\work\nse\Rediff\profit.ndtv.com\stock\marg-projects-&-infrastructure-ltd_margproject.html
409,C:\Program Files (x86)\Python\Python36-32\work\nse\Rediff\profit.ndtv.com\stock\margo-finance-ltd_margofinance.html
410,C:\Program Files (x86)\Python\Python36-32\work\nse\Rediff\profit.ndtv.com\stock\marksans-pharma-ltd_marksans.html
411,C:\Program Files (x86)\Python\Python36-32\work\nse\Rediff\profit.ndtv.com\stock\marsons-ltd_marsons.html
412,C:\Program Files (x86)\Python\Python36-32\work\nse\Rediff\profit.ndtv.com\stock\martin-burn-ltd_martinburn.html
413,C:\Program Files (x86)\Python\Python36-32\work\nse\Rediff\profit.ndtv.com\stock\maruti-infrastructure-ltd_marutiinfra.html
414,C:\Program Files (x86)\Python\Python36-32\work\nse\Rediff\profit.ndtv.com\stock\maruti-suzuki-india-ltd_maruti.html
415,C:\Program Files (x86)\Python\Python36-32\work\nse\Rediff\profit.ndtv.com\stock\master-trust-ltd_mastertrust.html
416,C:\Program Files (x86)\Python\Python36-32\work\nse\Rediff\profit.ndtv.com\stock\mathew-easow-research-securities-ltd_matheweasow.html
417,C:\Program Files (x86)\Python\Python36-32\work\nse\Rediff\profit.ndtv.com\stock\matra-kaushal-enterprise-ltd_plenterprise.html
418,C:\Program Files (x86)\Python\Python36-32\work\nse\Rediff\profit.ndtv.com\stock\matra-realty-ltd_matrarealty.html
419,C:\Program Files (x86)\Python\Python36-32\work\nse\Rediff\profit.ndtv.com\stock\max-heights-infrastructure-ltd_maxheights.html
420,C:\Program Files (x86)\Python\Python36-32\work\nse\Rediff\profit.ndtv.com\stock\mcdowell-holdings-ltd_mcdholding.html
421,C:\Program Files (x86)\Python\Python36-32\work\nse\Rediff\profit.ndtv.com\stock\medicamen-biotech-ltd_medicamenbio.html
422,C:\Program Files (x86)\Python\Python36-32\work\nse\Rediff\profit.ndtv.com\stock\medinova-diagnostic-services-ltd_medinovadiag.html
423,C:\Program Files (x86)\Python\Python36-32\work\nse\Rediff\profit.ndtv.com\stock\meenakshi-enterprises-ltd_stk-538834.html
424,C:\Program Files (x86)\Python\Python36-32\work\nse\Rediff\profit.ndtv.com\stock\mep-infrastructure-developers-ltd_mepidl.html
425,C:\Program Files (x86)\Python\Python36-32\work\nse\Rediff\profit.ndtv.com\stock\mercantile-ventures-ltd_stk-538942.html
426,C:\Program Files (x86)\Python\Python36-32\work\nse\Rediff\profit.ndtv.com\stock\merck-ltd_merck.html
427,C:\Program Files (x86)\Python\Python36-32\work\nse\Rediff\profit.ndtv.com\stock\mercury-laboratories-ltd_stk-538964.html
428,C:\Program Files (x86)\Python\Python36-32\work\nse\Rediff\profit.ndtv.com\stock\mic-electronics-ltd_mic.html
429,C:\Program Files (x86)\Python\Python36-32\work\nse\Rediff\profit.ndtv.com\stock\midas-infra-trade-ltd_assofinlease.html
430,C:\Program Files (x86)\Python\Python36-32\work\nse\Rediff\profit.ndtv.com\stock\minolta-finance-ltd_minoltafin.html
431,C:\Program Files (x86)\Python\Python36-32\work\nse\Rediff\profit.ndtv.com\stock\modison-metals-ltd_modisonmetal.html
432,C:\Program Files (x86)\Python\Python36-32\work\nse\Rediff\profit.ndtv.com\stock\moil-ltd_moil.html
433,C:\Program Files (x86)\Python\Python36-32\work\nse\Rediff\profit.ndtv.com\stock\money-masters-leasing-&-finance-ltd_moneymasters.html
434,C:\Program Files (x86)\Python\Python36-32\work\nse\Rediff\profit.ndtv.com\stock\monte-carlo-fashions-ltd_mcl.html
435,C:\Program Files (x86)\Python\Python36-32\work\nse\Rediff\profit.ndtv.com\stock\moongipa-capital-finance-ltd_moongipacap.html
436,C:\Program Files (x86)\Python\Python36-32\work\nse\Rediff\profit.ndtv.com\stock\morarka-finance-ltd_morarkafin.html
437,C:\Program Files (x86)\Python\Python36-32\work\nse\Rediff\profit.ndtv.com\stock\morepen-laboratories-ltd_morepenlab.html
438,C:\Program Files (x86)\Python\Python36-32\work\nse\Rediff\profit.ndtv.com\stock\morgan-ventures-ltd_morganven.html
439,C:\Program Files (x86)\Python\Python36-32\work\nse\Rediff\profit.ndtv.com\stock\motor-&-general-finance-ltd_motogenfin.html
440,C:\Program Files (x86)\Python\Python36-32\work\nse\Rediff\profit.ndtv.com\stock\mps-ltd_mpsltd.html
441,C:\Program Files (x86)\Python\Python36-32\work\nse\Rediff\profit.ndtv.com\stock\mrf-ltd_mrf.html
442,C:\Program Files (x86)\Python\Python36-32\work\nse\Rediff\profit.ndtv.com\stock\mudit-finlease-ltd_muditfinlea.html
443,C:\Program Files (x86)\Python\Python36-32\work\nse\Rediff\profit.ndtv.com\stock\mukesh-babu-financial-services-ltd_mbfinserv.html
444,C:\Program Files (x86)\Python\Python36-32\work\nse\Rediff\profit.ndtv.com\stock\music-broadcast-ltd_radiocity.html
445,C:\Program Files (x86)\Python\Python36-32\work\nse\Rediff\profit.ndtv.com\stock\muthoot-capital-services-ltd_muthootcap.html
446,C:\Program Files (x86)\Python\Python36-32\work\nse\Rediff\profit.ndtv.com\stock\muthoot-fincorp-ltd-_stk-935248.html
447,C:\Program Files (x86)\Python\Python36-32\work\nse\Rediff\profit.ndtv.com\stock\muthoottu-mini-financiers-ltd-_stk-934986.html
448,C:\Program Files (x86)\Python\Python36-32\work\nse\Rediff\profit.ndtv.com\stock\muthoottu-mini-financiers-ltd-_stk-935411.html
449,C:\Program Files (x86)\Python\Python36-32\work\nse\Rediff\profit.ndtv.com\stock\mvl-ltd_mvl.html
450,C:\Program Files (x86)\Python\Python36-32\work\nse\Rediff\profit.ndtv.com\stock\NA.html
451,C:\Program Files (x86)\Python\Python36-32\work\nse\Rediff\profit.ndtv.com\stock\nabard-2i2-01-01-2018-pvt_stk-972390.html
452,C:\Program Files (x86)\Python\Python36-32\work\nse\Rediff\profit.ndtv.com\stock\nabard-zc-31-03-2019-pvt_stk-972536.html
453,C:\Program Files (x86)\Python\Python36-32\work\nse\Rediff\profit.ndtv.com\stock\nagreeka-capital-&-infrastructure-ltd_nagreekcap.html
454,C:\Program Files (x86)\Python\Python36-32\work\nse\Rediff\profit.ndtv.com\stock\nahar-capital-and-financial-services-ltd_naharcap.html
455,C:\Program Files (x86)\Python\Python36-32\work\nse\Rediff\profit.ndtv.com\stock\nalin-lease-finance-ltd_nalinleafin.html
456,C:\Program Files (x86)\Python\Python36-32\work\nse\Rediff\profit.ndtv.com\stock\nandan-denim-ltd_nandanexim.html
457,C:\Program Files (x86)\Python\Python36-32\work\nse\Rediff\profit.ndtv.com\stock\narayana-hrudayalaya-ltd_nh.html
458,C:\Program Files (x86)\Python\Python36-32\work\nse\Rediff\profit.ndtv.com\stock\narendra-properties-ltd_narendraprop.html
459,C:\Program Files (x86)\Python\Python36-32\work\nse\Rediff\profit.ndtv.com\stock\natural-capsules-ltd_ntrlcapsules.html
460,C:\Program Files (x86)\Python\Python36-32\work\nse\Rediff\profit.ndtv.com\stock\navkar-builders-ltd_navkarbuild.html
461,C:\Program Files (x86)\Python\Python36-32\work\nse\Rediff\profit.ndtv.com\stock\navneet-education-ltd_navnetpubl.html
462,C:\Program Files (x86)\Python\Python36-32\work\nse\Rediff\profit.ndtv.com\stock\nbi-industrial-finance-company-ltd_nbifin.html
463,C:\Program Files (x86)\Python\Python36-32\work\nse\Rediff\profit.ndtv.com\stock\ncc-ltd_ncc.html
464,C:\Program Files (x86)\Python\Python36-32\work\nse\Rediff\profit.ndtv.com\stock\ncl-research-&-financial-services-ltd_nclresearch.html
465,C:\Program Files (x86)\Python\Python36-32\work\nse\Rediff\profit.ndtv.com\stock\nectar-lifesciences-ltd_neclife.html
466,C:\Program Files (x86)\Python\Python36-32\work\nse\Rediff\profit.ndtv.com\stock\neo-infracon-ltd_anuvinind.html
467,C:\Program Files (x86)\Python\Python36-32\work\nse\Rediff\profit.ndtv.com\stock\network-18-media-&-investment-ltd_network18.html
468,C:\Program Files (x86)\Python\Python36-32\work\nse\Rediff\profit.ndtv.com\stock\neuland-laboratories-ltd_neulandlab.html
469,C:\Program Files (x86)\Python\Python36-32\work\nse\Rediff\profit.ndtv.com\stock\new-delhi-television-ltd_ndtv.html
470,C:\Program Files (x86)\Python\Python36-32\work\nse\Rediff\profit.ndtv.com\stock\next-mediaworks-ltd_nextmedia.html
471,C:\Program Files (x86)\Python\Python36-32\work\nse\Rediff\profit.ndtv.com\stock\ng-industries-ltd_ngind.html
472,C:\Program Files (x86)\Python\Python36-32\work\nse\Rediff\profit.ndtv.com\stock\ngl-fine-chem-ltd_nglfinechem.html
473,C:\Program Files (x86)\Python\Python36-32\work\nse\Rediff\profit.ndtv.com\stock\nicco-uco-alliance-credit-ltd_niccouco.html
474,C:\Program Files (x86)\Python\Python36-32\work\nse\Rediff\profit.ndtv.com\stock\nila-infrastructures-ltd_nilainfra.html
475,C:\Program Files (x86)\Python\Python36-32\work\nse\Rediff\profit.ndtv.com\stock\nimbus-projects-ltd_nimbusproj.html
476,C:\Program Files (x86)\Python\Python36-32\work\nse\Rediff\profit.ndtv.com\stock\nirav-commercials-ltd_niravcomm.html
477,C:\Program Files (x86)\Python\Python36-32\work\nse\Rediff\profit.ndtv.com\stock\nirlon-ltd_nirlon.html
478,C:\Program Files (x86)\Python\Python36-32\work\nse\Rediff\profit.ndtv.com\stock\nitesh-estates-ltd_niteshest.html
479,C:\Program Files (x86)\Python\Python36-32\work\nse\Rediff\profit.ndtv.com\stock\nivedita-mercantile-&-financing-ltd_niveditamerc.html
480,C:\Program Files (x86)\Python\Python36-32\work\nse\Rediff\profit.ndtv.com\stock\nmdc-ltd_nmdc.html
481,C:\Program Files (x86)\Python\Python36-32\work\nse\Rediff\profit.ndtv.com\stock\northlink-fiscal-and-capital-services-ltd_stk-539110.html
482,C:\Program Files (x86)\Python\Python36-32\work\nse\Rediff\profit.ndtv.com\stock\nova-publications-india-ltd_novapublicat.html
483,C:\Program Files (x86)\Python\Python36-32\work\nse\Rediff\profit.ndtv.com\stock\npr-finance-ltd_nprfinance.html
484,C:\Program Files (x86)\Python\Python36-32\work\nse\Rediff\profit.ndtv.com\stock\ntpc-ltd_ntpc.html
485,C:\Program Files (x86)\Python\Python36-32\work\nse\Rediff\profit.ndtv.com\stock\nutraplus-india-ltd_nutraplus.html
486,C:\Program Files (x86)\Python\Python36-32\work\nse\Rediff\profit.ndtv.com\stock\oasis-securities-ltd_oasissec.html
487,C:\Program Files (x86)\Python\Python36-32\work\nse\Rediff\profit.ndtv.com\stock\oberoi-realty-ltd_oberoirlty.html
488,C:\Program Files (x86)\Python\Python36-32\work\nse\Rediff\profit.ndtv.com\stock\octal-credit-capital-ltd_stk-538894.html
489,C:\Program Files (x86)\Python\Python36-32\work\nse\Rediff\profit.ndtv.com\stock\oil-.html
490,C:\Program Files (x86)\Python\Python36-32\work\nse\Rediff\profit.ndtv.com\stock\olympic-cards-ltd_olympiccards.html
491,C:\Program Files (x86)\Python\Python36-32\work\nse\Rediff\profit.ndtv.com\stock\optimus-finance-ltd_transpekfin.html
492,C:\Program Files (x86)\Python\Python36-32\work\nse\Rediff\profit.ndtv.com\stock\orbit-corporation-ltd_orbitcorp.html
493,C:\Program Files (x86)\Python\Python36-32\work\nse\Rediff\profit.ndtv.com\stock\orchid-pharma-ltd_orchidchem.html
494,C:\Program Files (x86)\Python\Python36-32\work\nse\Rediff\profit.ndtv.com\stock\orissa-minerals-development-company-ltd_orissamine.html
495,C:\Program Files (x86)\Python\Python36-32\work\nse\Rediff\profit.ndtv.com\stock\ortel-communications-ltd_ortel.html
496,C:\Program Files (x86)\Python\Python36-32\work\nse\Rediff\profit.ndtv.com\stock\oscar-investments-ltd_oscarinvest.html
497,C:\Program Files (x86)\Python\Python36-32\work\nse\Rediff\profit.ndtv.com\stock\pacheli-industrial-finance-ltd_dhootind.html
498,C:\Program Files (x86)\Python\Python36-32\work\nse\Rediff\profit.ndtv.com\stock\padmalaya-telefilms-ltd_padmalayat.html
499,C:\Program Files (x86)\Python\Python36-32\work\nse\Rediff\profit.ndtv.com\stock\page-industries-ltd_pageind.html
500,C:\Program Files (x86)\Python\Python36-32\work\nse\Rediff\profit.ndtv.com\stock\palco-ltd_pennaralum.html
501,C:\Program Files (x86)\Python\Python36-32\work\nse\Rediff\profit.ndtv.com\stock\panacea-biotec-ltd_panaceabio.html
502,C:\Program Files (x86)\Python\Python36-32\work\nse\Rediff\profit.ndtv.com\stock\panafic-industrials-ltd_stk-538860.html
503,C:\Program Files (x86)\Python\Python36-32\work\nse\Rediff\profit.ndtv.com\stock\panchsheel-organics-ltd_panchsheel.html
504,C:\Program Files (x86)\Python\Python36-32\work\nse\Rediff\profit.ndtv.com\stock\parabolic-drugs-ltd_parabdrugs.html
505,C:\Program Files (x86)\Python\Python36-32\work\nse\Rediff\profit.ndtv.com\stock\paragon-finance-ltd_paragonfin.html
506,C:\Program Files (x86)\Python\Python36-32\work\nse\Rediff\profit.ndtv.com\stock\parenteral-drugs-_pdpl.html
507,C:\Program Files (x86)\Python\Python36-32\work\nse\Rediff\profit.ndtv.com\stock\parnax-lab-ltd_parnaxlab.html
508,C:\Program Files (x86)\Python\Python36-32\work\nse\Rediff\profit.ndtv.com\stock\parsharti-investment-ltd_parshartiinv.html
509,C:\Program Files (x86)\Python\Python36-32\work\nse\Rediff\profit.ndtv.com\stock\patel-engineering-ltd_pateleng.html
510,C:\Program Files (x86)\Python\Python36-32\work\nse\Rediff\profit.ndtv.com\stock\patidar-buildcon-ltd_patidarbuild.html
511,C:\Program Files (x86)\Python\Python36-32\work\nse\Rediff\profit.ndtv.com\stock\pawansut-holdings-ltd_pawansuthldg.html
512,C:\Program Files (x86)\Python\Python36-32\work\nse\Rediff\profit.ndtv.com\stock\pc-jeweller-ltd_pcj.html
513,C:\Program Files (x86)\Python\Python36-32\work\nse\Rediff\profit.ndtv.com\stock\pds-multinational-fashions-ltd_pdsmfl.html
514,C:\Program Files (x86)\Python\Python36-32\work\nse\Rediff\profit.ndtv.com\stock\peninsula-land-ltd_peninland.html
515,C:\Program Files (x86)\Python\Python36-32\work\nse\Rediff\profit.ndtv.com\stock\perfect-octave-media-projects-ltd_perfectoctav.html
516,C:\Program Files (x86)\Python\Python36-32\work\nse\Rediff\profit.ndtv.com\stock\permanent-magnets-ltd_permagnet.html
517,C:\Program Files (x86)\Python\Python36-32\work\nse\Rediff\profit.ndtv.com\stock\pg-foils-ltd_pgfoils.html
518,C:\Program Files (x86)\Python\Python36-32\work\nse\Rediff\profit.ndtv.com\stock\phaarmasia-ltd_phaarmasia.html
519,C:\Program Files (x86)\Python\Python36-32\work\nse\Rediff\profit.ndtv.com\stock\phoenix-lamps-ltd_halonix.html
520,C:\Program Files (x86)\Python\Python36-32\work\nse\Rediff\profit.ndtv.com\stock\piramal-enterprises-ltd_pel.html
521,C:\Program Files (x86)\Python\Python36-32\work\nse\Rediff\profit.ndtv.com\stock\piramal-phytocare-ltd_pirlife.html
522,C:\Program Files (x86)\Python\Python36-32\work\nse\Rediff\profit.ndtv.com\stock\pnb-housing-finance-ltd_pnbhousing.html
523,C:\Program Files (x86)\Python\Python36-32\work\nse\Rediff\profit.ndtv.com\stock\poddar-housing-and-development-ltd_poddardev.html
524,C:\Program Files (x86)\Python\Python36-32\work\nse\Rediff\profit.ndtv.com\stock\polytex-india-ltd_polytexindia.html
525,C:\Program Files (x86)\Python\Python36-32\work\nse\Rediff\profit.ndtv.com\stock\power-grid-corporation-of-india-ltd_powergrid.html
526,C:\Program Files (x86)\Python\Python36-32\work\nse\Rediff\profit.ndtv.com\stock\power-mech-projects-ltd_powermech.html
527,C:\Program Files (x86)\Python\Python36-32\work\nse\Rediff\profit.ndtv.com\stock\prajay-engineers-syndicate-ltd_praeng.html
528,C:\Program Files (x86)\Python\Python36-32\work\nse\Rediff\profit.ndtv.com\stock\premier-energy-&-infrastructure-ltd_premierenrgy.html
529,C:\Program Files (x86)\Python\Python36-32\work\nse\Rediff\profit.ndtv.com\stock\prerna-infrabuild-ltd_prernainfra.html
530,C:\Program Files (x86)\Python\Python36-32\work\nse\Rediff\profit.ndtv.com\stock\prime-property-development-corporation-ltd_primepropdev.html
531,C:\Program Files (x86)\Python\Python36-32\work\nse\Rediff\profit.ndtv.com\stock\pro-fin-capital-services-ltd_profincap.html
532,C:\Program Files (x86)\Python\Python36-32\work\nse\Rediff\profit.ndtv.com\stock\proaim-enterprises-ltd_shnathcomm.html
533,C:\Program Files (x86)\Python\Python36-32\work\nse\Rediff\profit.ndtv.com\stock\prozone-intu-properties-ltd_prozonecsc.html
534,C:\Program Files (x86)\Python\Python36-32\work\nse\Rediff\profit.ndtv.com\stock\psp-projects-ltd_pspproject.html
535,C:\Program Files (x86)\Python\Python36-32\work\nse\Rediff\profit.ndtv.com\stock\punj-lloyd-ltd_punjlloyd.html
536,C:\Program Files (x86)\Python\Python36-32\work\nse\Rediff\profit.ndtv.com\stock\punjab-national-bank_pnb.html
537,C:\Program Files (x86)\Python\Python36-32\work\nse\Rediff\profit.ndtv.com\stock\purohit-construction-ltd_stk-538993.html
538,C:\Program Files (x86)\Python\Python36-32\work\nse\Rediff\profit.ndtv.com\stock\pvp-ventures-ltd_pvp.html
539,C:\Program Files (x86)\Python\Python36-32\work\nse\Rediff\profit.ndtv.com\stock\pvv-infra-ltd_thirinfra.html
540,C:\Program Files (x86)\Python\Python36-32\work\nse\Rediff\profit.ndtv.com\stock\pyxis-finvest-ltd_bcbfinance.html
541,C:\Program Files (x86)\Python\Python36-32\work\nse\Rediff\profit.ndtv.com\stock\radhe-developers-_radhedev.html
542,C:\Program Files (x86)\Python\Python36-32\work\nse\Rediff\profit.ndtv.com\stock\raghunath-international-ltd_raghunathint.html
543,C:\Program Files (x86)\Python\Python36-32\work\nse\Rediff\profit.ndtv.com\stock\rainbow-foundations-ltd_rainbowfound.html
544,C:\Program Files (x86)\Python\Python36-32\work\nse\Rediff\profit.ndtv.com\stock\raj-television-network-ltd_rajtv.html
545,C:\Program Files (x86)\Python\Python36-32\work\nse\Rediff\profit.ndtv.com\stock\rajdarshan-industries-ltd_arenterp.html
546,C:\Program Files (x86)\Python\Python36-32\work\nse\Rediff\profit.ndtv.com\stock\rajesh-exports-ltd_rajeshexpo.html
547,C:\Program Files (x86)\Python\Python36-32\work\nse\Rediff\profit.ndtv.com\stock\rajeswari-infrastructure-ltd_rajeswariinf.html
548,C:\Program Files (x86)\Python\Python36-32\work\nse\Rediff\profit.ndtv.com\stock\rama-petrochemicals-ltd_ramapetro.html
549,C:\Program Files (x86)\Python\Python36-32\work\nse\Rediff\profit.ndtv.com\stock\ramchandra-leasing-&-finance-ltd_stk-538540.html
550,C:\Program Files (x86)\Python\Python36-32\work\nse\Rediff\profit.ndtv.com\stock\rander-corporation-ltd_randercorp.html
551,C:\Program Files (x86)\Python\Python36-32\work\nse\Rediff\profit.ndtv.com\stock\rap-media-ltd_rapmedia.html
552,C:\Program Files (x86)\Python\Python36-32\work\nse\Rediff\profit.ndtv.com\stock\rapid-investments-ltd_rapidinv.html
553,C:\Program Files (x86)\Python\Python36-32\work\nse\Rediff\profit.ndtv.com\stock\raymed-labs-ltd_raymedlabs.html
554,C:\Program Files (x86)\Python\Python36-32\work\nse\Rediff\profit.ndtv.com\stock\rcl-retail-ltd_rclretail.html
555,C:\Program Files (x86)\Python\Python36-32\work\nse\Rediff\profit.ndtv.com\stock\rdb-realty-&-infrastructure-ltd_rdbrealty.html
556,C:\Program Files (x86)\Python\Python36-32\work\nse\Rediff\profit.ndtv.com\stock\real-news-&-views-ltd_hillockagro.html
557,C:\Program Files (x86)\Python\Python36-32\work\nse\Rediff\profit.ndtv.com\stock\regaliaa-realty-ltd_regaliaareal.html
558,C:\Program Files (x86)\Python\Python36-32\work\nse\Rediff\profit.ndtv.com\stock\regency-trust-ltd_regencytrust.html
559,C:\Program Files (x86)\Python\Python36-32\work\nse\Rediff\profit.ndtv.com\stock\regent-enterprises-ltd_spinetraders.html
560,C:\Program Files (x86)\Python\Python36-32\work\nse\Rediff\profit.ndtv.com\stock\rei-six-ten-retail-ltd_reisixten.html
561,C:\Program Files (x86)\Python\Python36-32\work\nse\Rediff\profit.ndtv.com\stock\reliance-capital-ltd_relcapital.html
562,C:\Program Files (x86)\Python\Python36-32\work\nse\Rediff\profit.ndtv.com\stock\reliance-communications-ltd_rcom.html
563,C:\Program Files (x86)\Python\Python36-32\work\nse\Rediff\profit.ndtv.com\stock\reliance-industrial-infrastructure-ltd_riil.html
564,C:\Program Files (x86)\Python\Python36-32\work\nse\Rediff\profit.ndtv.com\stock\reliance-industries-ltd_reliance.1.html
565,C:\Program Files (x86)\Python\Python36-32\work\nse\Rediff\profit.ndtv.com\stock\reliance-industries-ltd_reliance.html
566,C:\Program Files (x86)\Python\Python36-32\work\nse\Rediff\profit.ndtv.com\stock\reliance-mutual-fund-reliance-capital-builder-fund-ii-series-c-growth-option_stk-539070.html
567,C:\Program Files (x86)\Python\Python36-32\work\nse\Rediff\profit.ndtv.com\stock\repro-india-ltd_repro.html
568,C:\Program Files (x86)\Python\Python36-32\work\nse\Rediff\profit.ndtv.com\stock\resurgere-mines-and-minerals-india-ltd_rmmil.html
569,C:\Program Files (x86)\Python\Python36-32\work\nse\Rediff\profit.ndtv.com\stock\rexnord-electronics-&-controls-ltd_rexnordelect.html
570,C:\Program Files (x86)\Python\Python36-32\work\nse\Rediff\profit.ndtv.com\stock\ritesh-properties-&-industries-ltd_riteshprop.html
571,C:\Program Files (x86)\Python\Python36-32\work\nse\Rediff\profit.ndtv.com\stock\rodium-realty-ltd_rodiumrealty.html
572,C:\Program Files (x86)\Python\Python36-32\work\nse\Rediff\profit.ndtv.com\stock\roopa-industries-ltd_roopaind.html
573,C:\Program Files (x86)\Python\Python36-32\work\nse\Rediff\profit.ndtv.com\stock\roselabs-finance-ltd_roselabsfin.html
574,C:\Program Files (x86)\Python\Python36-32\work\nse\Rediff\profit.ndtv.com\stock\rpg-life-sciences-ltd_rpglife.html
575,C:\Program Files (x86)\Python\Python36-32\work\nse\Rediff\profit.ndtv.com\stock\rpp-infra-projects-ltd_rppinfra.html
576,C:\Program Files (x86)\Python\Python36-32\work\nse\Rediff\profit.ndtv.com\stock\rswm-ltd_rswm.html
577,C:\Program Files (x86)\Python\Python36-32\work\nse\Rediff\profit.ndtv.com\stock\rtcl-ltd_rtcl.html
578,C:\Program Files (x86)\Python\Python36-32\work\nse\Rediff\profit.ndtv.com\stock\rts-power-corporation-ltd_rtspowercorp.html
579,C:\Program Files (x86)\Python\Python36-32\work\nse\Rediff\profit.ndtv.com\stock\ruby-mills-ltd_rubymills.html
580,C:\Program Files (x86)\Python\Python36-32\work\nse\Rediff\profit.ndtv.com\stock\rupa-&-company-ltd_rupa.html
581,C:\Program Files (x86)\Python\Python36-32\work\nse\Rediff\profit.ndtv.com\stock\s-chand-and-co-ltd_schand.html
582,C:\Program Files (x86)\Python\Python36-32\work\nse\Rediff\profit.ndtv.com\stock\saamya-biotech-_saamyabiotec.html
583,C:\Program Files (x86)\Python\Python36-32\work\nse\Rediff\profit.ndtv.com\stock\sab-events-&-governance-now-media-ltd_sabevents.html
584,C:\Program Files (x86)\Python\Python36-32\work\nse\Rediff\profit.ndtv.com\stock\sacheta-metals-ltd_sachetametal.html
585,C:\Program Files (x86)\Python\Python36-32\work\nse\Rediff\profit.ndtv.com\stock\sadbhav-engineering-ltd_sadbhav.html
586,C:\Program Files (x86)\Python\Python36-32\work\nse\Rediff\profit.ndtv.com\stock\sadbhav-infrastructure-project-ltd_sadbhin.html
587,C:\Program Files (x86)\Python\Python36-32\work\nse\Rediff\profit.ndtv.com\stock\sadguru-fincon-ltd_subwayfin.html
588,C:\Program Files (x86)\Python\Python36-32\work\nse\Rediff\profit.ndtv.com\stock\safal-herbs-ltd_parikhherbal.html
589,C:\Program Files (x86)\Python\Python36-32\work\nse\Rediff\profit.ndtv.com\stock\sakthi-finance-ltd_sakthifin.html
590,C:\Program Files (x86)\Python\Python36-32\work\nse\Rediff\profit.ndtv.com\stock\sal-steel-ltd_salsteel.html
591,C:\Program Files (x86)\Python\Python36-32\work\nse\Rediff\profit.ndtv.com\stock\sambhaav-media-ltd_sambhaav.html
592,C:\Program Files (x86)\Python\Python36-32\work\nse\Rediff\profit.ndtv.com\stock\samrat-pharmachem-ltd_samratpharma.html
593,C:\Program Files (x86)\Python\Python36-32\work\nse\Rediff\profit.ndtv.com\stock\samruddhi-realty-ltd_samruddhirlt.html
594,C:\Program Files (x86)\Python\Python36-32\work\nse\Rediff\profit.ndtv.com\stock\sanblue-corporation-ltd_sanbluecorp.html
595,C:\Program Files (x86)\Python\Python36-32\work\nse\Rediff\profit.ndtv.com\stock\sandesh-ltd_sandesh.html
596,C:\Program Files (x86)\Python\Python36-32\work\nse\Rediff\profit.ndtv.com\stock\sandu-pharmaceuticals-ltd_sandupharma.html
597,C:\Program Files (x86)\Python\Python36-32\work\nse\Rediff\profit.ndtv.com\stock\sandur-manganese-&-iron-ores-ltd_sandurmangan.html
598,C:\Program Files (x86)\Python\Python36-32\work\nse\Rediff\profit.ndtv.com\stock\sangam-advisors-ltd_sangamadv.html
599,C:\Program Files (x86)\Python\Python36-32\work\nse\Rediff\profit.ndtv.com\stock\sangam-_sangamind.html
600,C:\Program Files (x86)\Python\Python36-32\work\nse\Rediff\profit.ndtv.com\stock\sanjivani-paranteral-ltd_sanjivanipar.html
601,C:\Program Files (x86)\Python\Python36-32\work\nse\Rediff\profit.ndtv.com\stock\sanmit-infra-ltd_asiahrtech.html
602,C:\Program Files (x86)\Python\Python36-32\work\nse\Rediff\profit.ndtv.com\stock\saraswati-commercial-_saraswaticom.html
603,C:\Program Files (x86)\Python\Python36-32\work\nse\Rediff\profit.ndtv.com\stock\sastasundar-ventures-ltd_microsec.html
604,C:\Program Files (x86)\Python\Python36-32\work\nse\Rediff\profit.ndtv.com\stock\sathavahana-ispat-ltd_sathaispat.html
605,C:\Program Files (x86)\Python\Python36-32\work\nse\Rediff\profit.ndtv.com\stock\satkar-finlease-ltd_satkarfin.html
606,C:\Program Files (x86)\Python\Python36-32\work\nse\Rediff\profit.ndtv.com\stock\satra-properties-_satraprop.html
607,C:\Program Files (x86)\Python\Python36-32\work\nse\Rediff\profit.ndtv.com\stock\satya-miners-&-transporters-ltd_satyaminers.html
608,C:\Program Files (x86)\Python\Python36-32\work\nse\Rediff\profit.ndtv.com\stock\saumya-capital-ltd_arcadiacap.html
609,C:\Program Files (x86)\Python\Python36-32\work\nse\Rediff\profit.ndtv.com\stock\savani-financials-ltd_savanifin.html
610,C:\Program Files (x86)\Python\Python36-32\work\nse\Rediff\profit.ndtv.com\stock\sea-tv-network-ltd_seatvnetwork.html
611,C:\Program Files (x86)\Python\Python36-32\work\nse\Rediff\profit.ndtv.com\stock\secunderabad-healthcare-ltd_sbadhealth.html
612,C:\Program Files (x86)\Python\Python36-32\work\nse\Rediff\profit.ndtv.com\stock\senbo-industries-ltd_senboind.html
613,C:\Program Files (x86)\Python\Python36-32\work\nse\Rediff\profit.ndtv.com\stock\shalibhadra-finance-ltd_shalibfin.html
614,C:\Program Files (x86)\Python\Python36-32\work\nse\Rediff\profit.ndtv.com\stock\shardul-securities-ltd_shriyamsec.html
615,C:\Program Files (x86)\Python\Python36-32\work\nse\Rediff\profit.ndtv.com\stock\sharon-bio-medicine-ltd_sharonbio.html
616,C:\Program Files (x86)\Python\Python36-32\work\nse\Rediff\profit.ndtv.com\stock\shervani-industrial-syndicate-ltd_shervaniindl.html
617,C:\Program Files (x86)\Python\Python36-32\work\nse\Rediff\profit.ndtv.com\stock\shilchar-technologies-ltd_shilchartech.html
618,C:\Program Files (x86)\Python\Python36-32\work\nse\Rediff\profit.ndtv.com\stock\shiva-medicare-ltd_shivamedi.html
619,C:\Program Files (x86)\Python\Python36-32\work\nse\Rediff\profit.ndtv.com\stock\shoppers-stop-ltd_shoperstop.html
620,C:\Program Files (x86)\Python\Python36-32\work\nse\Rediff\profit.ndtv.com\stock\shree-rang-mark-travels-ltd_shrangtravel.html
621,C:\Program Files (x86)\Python\Python36-32\work\nse\Rediff\profit.ndtv.com\stock\shri-kalyan-holdings-ltd_shrikalyan.html
622,C:\Program Files (x86)\Python\Python36-32\work\nse\Rediff\profit.ndtv.com\stock\shri-krishna-devcon-ltd_shrikrishna.html
623,C:\Program Files (x86)\Python\Python36-32\work\nse\Rediff\profit.ndtv.com\stock\shriram-city-union-finance-ltd-_stk-935044.html
624,C:\Program Files (x86)\Python\Python36-32\work\nse\Rediff\profit.ndtv.com\stock\shriram-city-union-finance-ltd-_stk-935050.html
625,C:\Program Files (x86)\Python\Python36-32\work\nse\Rediff\profit.ndtv.com\stock\shriram-epc-ltd_shriramepc.html
626,C:\Program Files (x86)\Python\Python36-32\work\nse\Rediff\profit.ndtv.com\stock\shristi-infrastructure-development-corporation-ltd_peerabasan.html
627,C:\Program Files (x86)\Python\Python36-32\work\nse\Rediff\profit.ndtv.com\stock\shukra-pharmaceuticals-ltd_relishpharma.html
628,C:\Program Files (x86)\Python\Python36-32\work\nse\Rediff\profit.ndtv.com\stock\shyamkamal-investments-ltd_shyamkaminv.html
629,C:\Program Files (x86)\Python\Python36-32\work\nse\Rediff\profit.ndtv.com\stock\siemens-ltd_siemens.3
630,C:\Program Files (x86)\Python\Python36-32\work\nse\Rediff\profit.ndtv.com\stock\siemens-ltd_siemens.html
631,C:\Program Files (x86)\Python\Python36-32\work\nse\Rediff\profit.ndtv.com\stock\sikozy-realtors-ltd_sikozyreal.html
632,C:\Program Files (x86)\Python\Python36-32\work\nse\Rediff\profit.ndtv.com\stock\sil-investments-ltd_silinv.html
633,C:\Program Files (x86)\Python\Python36-32\work\nse\Rediff\profit.ndtv.com\stock\silveroak-commercials-ltd_silveroakcom.html
634,C:\Program Files (x86)\Python\Python36-32\work\nse\Rediff\profit.ndtv.com\stock\simplex-infrastructures-ltd_simplexinf.html
635,C:\Program Files (x86)\Python\Python36-32\work\nse\Rediff\profit.ndtv.com\stock\simplex-projects-ltd_simplex.html
636,C:\Program Files (x86)\Python\Python36-32\work\nse\Rediff\profit.ndtv.com\stock\simplex-realty-ltd_simplexreal.html
637,C:\Program Files (x86)\Python\Python36-32\work\nse\Rediff\profit.ndtv.com\stock\sita-enterprises-ltd_sitaenter.html
638,C:\Program Files (x86)\Python\Python36-32\work\nse\Rediff\profit.ndtv.com\stock\siti-networks-ltd_sitinet.html
639,C:\Program Files (x86)\Python\Python36-32\work\nse\Rediff\profit.ndtv.com\stock\smruthi-organics-ltd_smruthiorg.html
640,C:\Program Files (x86)\Python\Python36-32\work\nse\Rediff\profit.ndtv.com\stock\sms-pharmaceuticals-ltd_smspharma.html
641,C:\Program Files (x86)\Python\Python36-32\work\nse\Rediff\profit.ndtv.com\stock\sonal-mercantile-ltd_stk-538943.html
642,C:\Program Files (x86)\Python\Python36-32\work\nse\Rediff\profit.ndtv.com\stock\soril-infra-resources-ltd_storeone.html
643,C:\Program Files (x86)\Python\Python36-32\work\nse\Rediff\profit.ndtv.com\stock\source-natural-foods-and-herbal-supplements-ltd_sourcenatura.html
644,C:\Program Files (x86)\Python\Python36-32\work\nse\Rediff\profit.ndtv.com\stock\sp-apparels-ltd_spal.html
645,C:\Program Files (x86)\Python\Python36-32\work\nse\Rediff\profit.ndtv.com\stock\sp-capital-financing-ltd_spcapfin.html
646,C:\Program Files (x86)\Python\Python36-32\work\nse\Rediff\profit.ndtv.com\stock\sparc-systems-ltd_sparcsystems.html
647,C:\Program Files (x86)\Python\Python36-32\work\nse\Rediff\profit.ndtv.com\stock\srei-infrastructure-finance-ltd-series-4_915srei17b.html
648,C:\Program Files (x86)\Python\Python36-32\work\nse\Rediff\profit.ndtv.com\stock\srei-infrastructure-finance-ltd-_stk-935284.html
649,C:\Program Files (x86)\Python\Python36-32\work\nse\Rediff\profit.ndtv.com\stock\srei-infrastructure-finance-ltd_sreinfra.html
650,C:\Program Files (x86)\Python\Python36-32\work\nse\Rediff\profit.ndtv.com\stock\srs-ltd_srsltd.html
651,C:\Program Files (x86)\Python\Python36-32\work\nse\Rediff\profit.ndtv.com\stock\srs-real-infrastructure-ltd_srsrealinfra.html
652,C:\Program Files (x86)\Python\Python36-32\work\nse\Rediff\profit.ndtv.com\stock\ss-organics-ltd_ssorganics.html
653,C:\Program Files (x86)\Python\Python36-32\work\nse\Rediff\profit.ndtv.com\stock\sspdl-ltd_sspdlltd.html
654,C:\Program Files (x86)\Python\Python36-32\work\nse\Rediff\profit.ndtv.com\stock\st-services-ltd_stk-538876.html
655,C:\Program Files (x86)\Python\Python36-32\work\nse\Rediff\profit.ndtv.com\stock\standard-capital-markets-ltd_stdcapmarket.html
656,C:\Program Files (x86)\Python\Python36-32\work\nse\Rediff\profit.ndtv.com\stock\starlite-components-ltd_starlitecomp.html
657,C:\Program Files (x86)\Python\Python36-32\work\nse\Rediff\profit.ndtv.com\stock\state-bank-of-india_sbin.html
658,C:\Program Files (x86)\Python\Python36-32\work\nse\Rediff\profit.ndtv.com\stock\steel-strips-infrastructures-ltd_sstripsinfra.html
659,C:\Program Files (x86)\Python\Python36-32\work\nse\Rediff\profit.ndtv.com\stock\stellant-securities-_stellantsec.html
660,C:\Program Files (x86)\Python\Python36-32\work\nse\Rediff\profit.ndtv.com\stock\stellar-capital-services-ltd_stellarcap.html
661,C:\Program Files (x86)\Python\Python36-32\work\nse\Rediff\profit.ndtv.com\stock\step-two-corporation-ltd_steptwocorp.html
662,C:\Program Files (x86)\Python\Python36-32\work\nse\Rediff\profit.ndtv.com\stock\sterling-green-woods-ltd_stergreen.html
663,C:\Program Files (x86)\Python\Python36-32\work\nse\Rediff\profit.ndtv.com\stock\suchitra-finance-&-trading-co-ltd_stk-538714.html
664,C:\Program Files (x86)\Python\Python36-32\work\nse\Rediff\profit.ndtv.com\stock\sudal-industries-ltd_sudalind.html
665,C:\Program Files (x86)\Python\Python36-32\work\nse\Rediff\profit.ndtv.com\stock\sulabh-engineers-&-services-ltd_sulabhaengg.html
666,C:\Program Files (x86)\Python\Python36-32\work\nse\Rediff\profit.ndtv.com\stock\summit-securities-ltd_summitsec.html
667,C:\Program Files (x86)\Python\Python36-32\work\nse\Rediff\profit.ndtv.com\stock\sun-pharmaceutical-industries-ltd_sunpharma.html
668,C:\Program Files (x86)\Python\Python36-32\work\nse\Rediff\profit.ndtv.com\stock\sun-tv-network-ltd_suntv.html
669,C:\Program Files (x86)\Python\Python36-32\work\nse\Rediff\profit.ndtv.com\stock\supra-trends-ltd_vijaygrowth.html
670,C:\Program Files (x86)\Python\Python36-32\work\nse\Rediff\profit.ndtv.com\stock\supreme-holdings-&-hospitality-_supremeholdg.html
671,C:\Program Files (x86)\Python\Python36-32\work\nse\Rediff\profit.ndtv.com\stock\suraj-products-ltd_surajproduct.html
672,C:\Program Files (x86)\Python\Python36-32\work\nse\Rediff\profit.ndtv.com\stock\suven-life-sciences-ltd_suven.html
673,C:\Program Files (x86)\Python\Python36-32\work\nse\Rediff\profit.ndtv.com\stock\suzlon-energy-ltd_suzlon.html
674,C:\Program Files (x86)\Python\Python36-32\work\nse\Rediff\profit.ndtv.com\stock\svc-resources-ltd_svcresources.html
675,C:\Program Files (x86)\Python\Python36-32\work\nse\Rediff\profit.ndtv.com\stock\swagruha-infrastructure-ltd_swagruhainfr.html
676,C:\Program Files (x86)\Python\Python36-32\work\nse\Rediff\profit.ndtv.com\stock\swan-energy-ltd_swanenergy.html
677,C:\Program Files (x86)\Python\Python36-32\work\nse\Rediff\profit.ndtv.com\stock\sword-&-shield-pharma-ltd_swordshield.html
678,C:\Program Files (x86)\Python\Python36-32\work\nse\Rediff\profit.ndtv.com\stock\syncom-formulations-_syncomformul.html
679,C:\Program Files (x86)\Python\Python36-32\work\nse\Rediff\profit.ndtv.com\stock\syncom-healthcare-ltd_syncom.html
680,C:\Program Files (x86)\Python\Python36-32\work\nse\Rediff\profit.ndtv.com\stock\syndicate-bank_syndibank.html
681,C:\Program Files (x86)\Python\Python36-32\work\nse\Rediff\profit.ndtv.com\stock\synthiko-foils-ltd_synthikofoil.html
682,C:\Program Files (x86)\Python\Python36-32\work\nse\Rediff\profit.ndtv.com\stock\syschem-_syschem.html
683,C:\Program Files (x86)\Python\Python36-32\work\nse\Rediff\profit.ndtv.com\stock\tarapur-transformers-ltd_tarapur.html
684,C:\Program Files (x86)\Python\Python36-32\work\nse\Rediff\profit.ndtv.com\stock\tata-communications-ltd_tatacomm.html
685,C:\Program Files (x86)\Python\Python36-32\work\nse\Rediff\profit.ndtv.com\stock\tata-consultancy-services-ltd_tcs.html
686,C:\Program Files (x86)\Python\Python36-32\work\nse\Rediff\profit.ndtv.com\stock\tata-metaliks-ltd_tatametali.html
687,C:\Program Files (x86)\Python\Python36-32\work\nse\Rediff\profit.ndtv.com\stock\tata-motors-dvr-ordinary_tatamtrdvr.html
688,C:\Program Files (x86)\Python\Python36-32\work\nse\Rediff\profit.ndtv.com\stock\tata-motors-ltd_tatamotors.html
689,C:\Program Files (x86)\Python\Python36-32\work\nse\Rediff\profit.ndtv.com\stock\tata-power-company-ltd_tatapower.html
690,C:\Program Files (x86)\Python\Python36-32\work\nse\Rediff\profit.ndtv.com\stock\tata-sponge-iron-ltd_tatasponge.html
691,C:\Program Files (x86)\Python\Python36-32\work\nse\Rediff\profit.ndtv.com\stock\tata-steel-ltd_tatasteel.html
692,C:\Program Files (x86)\Python\Python36-32\work\nse\Rediff\profit.ndtv.com\stock\tata-teleservices-_ttml.html
693,C:\Program Files (x86)\Python\Python36-32\work\nse\Rediff\profit.ndtv.com\stock\tcfc-finance-ltd_tcfcfinance.html
694,C:\Program Files (x86)\Python\Python36-32\work\nse\Rediff\profit.ndtv.com\stock\tci-developers-ltd_tcidevelop.html
695,C:\Program Files (x86)\Python\Python36-32\work\nse\Rediff\profit.ndtv.com\stock\tci-finance-ltd_tcifinance.html
696,C:\Program Files (x86)\Python\Python36-32\work\nse\Rediff\profit.ndtv.com\stock\td-power-systems-ltd_tdpowersys.html
697,C:\Program Files (x86)\Python\Python36-32\work\nse\Rediff\profit.ndtv.com\stock\tech-mahindra-ltd_techm.html
698,C:\Program Files (x86)\Python\Python36-32\work\nse\Rediff\profit.ndtv.com\stock\techno-electric-&-engineering-company-ltd_techno.html
699,C:\Program Files (x86)\Python\Python36-32\work\nse\Rediff\profit.ndtv.com\stock\tentiwala-metal-products-ltd_tentiwalwire.html
700,C:\Program Files (x86)\Python\Python36-32\work\nse\Rediff\profit.ndtv.com\stock\thakkers-developers-ltd_thakkersdev.html
701,C:\Program Files (x86)\Python\Python36-32\work\nse\Rediff\profit.ndtv.com\stock\themis-medicare-ltd_themismed.html
702,C:\Program Files (x86)\Python\Python36-32\work\nse\Rediff\profit.ndtv.com\stock\thomas-scott-_thomascott.html
703,C:\Program Files (x86)\Python\Python36-32\work\nse\Rediff\profit.ndtv.com\stock\thyrocare-technologies-ltd_thyrocare.html
704,C:\Program Files (x86)\Python\Python36-32\work\nse\Rediff\profit.ndtv.com\stock\tirupati-sarjan-ltd_tirupatisarj.html
705,C:\Program Files (x86)\Python\Python36-32\work\nse\Rediff\profit.ndtv.com\stock\titan-company-ltd_titan.html
706,C:\Program Files (x86)\Python\Python36-32\work\nse\Rediff\profit.ndtv.com\stock\tokyo-finance-ltd_tokyofinance.html
707,C:\Program Files (x86)\Python\Python36-32\work\nse\Rediff\profit.ndtv.com\stock\transformers-&-rectifiers-_tril.html
708,C:\Program Files (x86)\Python\Python36-32\work\nse\Rediff\profit.ndtv.com\stock\transgene-biotek-ltd_transgenebio.html
709,C:\Program Files (x86)\Python\Python36-32\work\nse\Rediff\profit.ndtv.com\stock\transwarranty-finance-ltd_tfl.html
710,C:\Program Files (x86)\Python\Python36-32\work\nse\Rediff\profit.ndtv.com\stock\trc-financial-services-ltd_trcfinancial.html
711,C:\Program Files (x86)\Python\Python36-32\work\nse\Rediff\profit.ndtv.com\stock\trent-ltd_trent.html
712,C:\Program Files (x86)\Python\Python36-32\work\nse\Rediff\profit.ndtv.com\stock\trentcccpsa_trent.html
713,C:\Program Files (x86)\Python\Python36-32\work\nse\Rediff\profit.ndtv.com\stock\tribhuvan-housing-ltd_tribhuvanhsg.html
714,C:\Program Files (x86)\Python\Python36-32\work\nse\Rediff\profit.ndtv.com\stock\trilogic-digital-media-ltd_trilogicdigi.html
715,C:\Program Files (x86)\Python\Python36-32\work\nse\Rediff\profit.ndtv.com\stock\trinethra-infra-ventures-ltd_trinethrainf.html
716,C:\Program Files (x86)\Python\Python36-32\work\nse\Rediff\profit.ndtv.com\stock\trinity-tradelink-ltd_omnitechpet.html
717,C:\Program Files (x86)\Python\Python36-32\work\nse\Rediff\profit.ndtv.com\stock\tti-enterprise-ltd_stk-538597.html
718,C:\Program Files (x86)\Python\Python36-32\work\nse\Rediff\profit.ndtv.com\stock\ttk-healthcare-ltd_ttkhealth.html
719,C:\Program Files (x86)\Python\Python36-32\work\nse\Rediff\profit.ndtv.com\stock\tv-today-network-ltd_tvtoday.html
720,C:\Program Files (x86)\Python\Python36-32\work\nse\Rediff\profit.ndtv.com\stock\tv-vision-ltd_tvvision.html
721,C:\Program Files (x86)\Python\Python36-32\work\nse\Rediff\profit.ndtv.com\stock\tv18-broadcast-ltd_tv18brdcst.html
722,C:\Program Files (x86)\Python\Python36-32\work\nse\Rediff\profit.ndtv.com\stock\tvs-srichakra-ltd_tvssrichak.html
723,C:\Program Files (x86)\Python\Python36-32\work\nse\Rediff\profit.ndtv.com\stock\tyche-industries-ltd_tycheind.html
724,C:\Program Files (x86)\Python\Python36-32\work\nse\Rediff\profit.ndtv.com\stock\ujaas-energy-ltd_mbswitch.html
725,C:\Program Files (x86)\Python\Python36-32\work\nse\Rediff\profit.ndtv.com\stock\ultratech-cement-ltd_ultracemco.html
726,C:\Program Files (x86)\Python\Python36-32\work\nse\Rediff\profit.ndtv.com\stock\unichem-laboratories-ltd_unichemlab.html
727,C:\Program Files (x86)\Python\Python36-32\work\nse\Rediff\profit.ndtv.com\stock\unishire-urban-infra-ltd_unishireurbn.html
728,C:\Program Files (x86)\Python\Python36-32\work\nse\Rediff\profit.ndtv.com\stock\united-credit-ltd_unitedcredit.html
729,C:\Program Files (x86)\Python\Python36-32\work\nse\Rediff\profit.ndtv.com\stock\united-leasing-&-industries-ltd_unitedlea.html
730,C:\Program Files (x86)\Python\Python36-32\work\nse\Rediff\profit.ndtv.com\stock\universal-prime-aluminium-ltd_uniprialumin.html
731,C:\Program Files (x86)\Python\Python36-32\work\nse\Rediff\profit.ndtv.com\stock\unjha-formulations-ltd_unjhaformula.html
732,C:\Program Files (x86)\Python\Python36-32\work\nse\Rediff\profit.ndtv.com\stock\upasana-finance-ltd_upasanafin.html
733,C:\Program Files (x86)\Python\Python36-32\work\nse\Rediff\profit.ndtv.com\stock\upsurge-investment-&-finance-ltd_upsurgeinv.html
734,C:\Program Files (x86)\Python\Python36-32\work\nse\Rediff\profit.ndtv.com\stock\ushakiran-finance-ltd_ushakiranfin.html
735,C:\Program Files (x86)\Python\Python36-32\work\nse\Rediff\profit.ndtv.com\stock\v-guard-industries-ltd_vguard.3
736,C:\Program Files (x86)\Python\Python36-32\work\nse\Rediff\profit.ndtv.com\stock\v-guard-industries-ltd_vguard.html
737,C:\Program Files (x86)\Python\Python36-32\work\nse\Rediff\profit.ndtv.com\stock\v-mart-retail-ltd_vmart.html
738,C:\Program Files (x86)\Python\Python36-32\work\nse\Rediff\profit.ndtv.com\stock\v2-retail-ltd_v2retail.html
739,C:\Program Files (x86)\Python\Python36-32\work\nse\Rediff\profit.ndtv.com\stock\vani-commercials-ltd_stk-538918.html
740,C:\Program Files (x86)\Python\Python36-32\work\nse\Rediff\profit.ndtv.com\stock\vantage-corporate-services-ltd_vantagecorp.html
741,C:\Program Files (x86)\Python\Python36-32\work\nse\Rediff\profit.ndtv.com\stock\vardhman-textiles-ltd_vtl.html
742,C:\Program Files (x86)\Python\Python36-32\work\nse\Rediff\profit.ndtv.com\stock\vas-infrastructure-ltd_vasinfra.html
743,C:\Program Files (x86)\Python\Python36-32\work\nse\Rediff\profit.ndtv.com\stock\vascon-engineers-ltd_vasconeq.html
744,C:\Program Files (x86)\Python\Python36-32\work\nse\Rediff\profit.ndtv.com\stock\vaswani-industries-ltd_vaswani.html
745,C:\Program Files (x86)\Python\Python36-32\work\nse\Rediff\profit.ndtv.com\stock\vedanta-ltd_sesagoa.html
746,C:\Program Files (x86)\Python\Python36-32\work\nse\Rediff\profit.ndtv.com\stock\venmax-drugs-and-pharmaceuticals-ltd_venmaxdrugs.html
747,C:\Program Files (x86)\Python\Python36-32\work\nse\Rediff\profit.ndtv.com\stock\venus-remedies-ltd_venusrem.html
748,C:\Program Files (x86)\Python\Python36-32\work\nse\Rediff\profit.ndtv.com\stock\vertical-industries-ltd_verticalind.html
749,C:\Program Files (x86)\Python\Python36-32\work\nse\Rediff\profit.ndtv.com\stock\veto-switchgears-&-cables-ltd_veto.html
750,C:\Program Files (x86)\Python\Python36-32\work\nse\Rediff\profit.ndtv.com\stock\victoria-mills-ltd_victoriamill.html
751,C:\Program Files (x86)\Python\Python36-32\work\nse\Rediff\profit.ndtv.com\stock\vijay-shanthi-builders-ltd_vijshan.html
752,C:\Program Files (x86)\Python\Python36-32\work\nse\Rediff\profit.ndtv.com\stock\viji-finance-ltd_stk-537820.html
753,C:\Program Files (x86)\Python\Python36-32\work\nse\Rediff\profit.ndtv.com\stock\vindhya-telelinks-ltd_vindhyatel.html
754,C:\Program Files (x86)\Python\Python36-32\work\nse\Rediff\profit.ndtv.com\stock\visagar-financial-services-ltd_visagarfin.html
755,C:\Program Files (x86)\Python\Python36-32\work\nse\Rediff\profit.ndtv.com\stock\vista-pharmaceuticals-ltd_vistapharma.html
756,C:\Program Files (x86)\Python\Python36-32\work\nse\Rediff\profit.ndtv.com\stock\vistar-amar-ltd_stk-538565.html
757,C:\Program Files (x86)\Python\Python36-32\work\nse\Rediff\profit.ndtv.com\stock\vitan-agro-industries-ltd_stk-538548.html
758,C:\Program Files (x86)\Python\Python36-32\work\nse\Rediff\profit.ndtv.com\stock\vivimed-labs-ltd_vivimedlab.html
759,C:\Program Files (x86)\Python\Python36-32\work\nse\Rediff\profit.ndtv.com\stock\vora-constructions-ltd_voraconst.html
760,C:\Program Files (x86)\Python\Python36-32\work\nse\Rediff\profit.ndtv.com\stock\wall-street-finance-ltd_wallstfin.html
761,C:\Program Files (x86)\Python\Python36-32\work\nse\Rediff\profit.ndtv.com\stock\wanbury-ltd_wanbury.html
762,C:\Program Files (x86)\Python\Python36-32\work\nse\Rediff\profit.ndtv.com\stock\wellesley-corporation-ltd_wellesleycor.html
763,C:\Program Files (x86)\Python\Python36-32\work\nse\Rediff\profit.ndtv.com\stock\welspun-india-ltd_welspunind.html
764,C:\Program Files (x86)\Python\Python36-32\work\nse\Rediff\profit.ndtv.com\stock\williamson-financial-services-ltd_williamsonfn.html
765,C:\Program Files (x86)\Python\Python36-32\work\nse\Rediff\profit.ndtv.com\stock\williamson-magor-&-company-ltd_willamagor.html
766,C:\Program Files (x86)\Python\Python36-32\work\nse\Rediff\profit.ndtv.com\stock\wintac-ltd_wintac.html
767,C:\Program Files (x86)\Python\Python36-32\work\nse\Rediff\profit.ndtv.com\stock\wipro-ltd_wipro.html
768,C:\Program Files (x86)\Python\Python36-32\work\nse\Rediff\profit.ndtv.com\stock\ws-industries-_wsi.html
769,C:\Program Files (x86)\Python\Python36-32\work\nse\Rediff\profit.ndtv.com\stock\yes-bank-ltd_yesbank.html
770,C:\Program Files (x86)\Python\Python36-32\work\nse\Rediff\profit.ndtv.com\stock\yogi-infra-projects-ltd_yogiinfra.html
771,C:\Program Files (x86)\Python\Python36-32\work\nse\Rediff\profit.ndtv.com\stock\yuranus-infrastructure-ltd_yuranusinfra.html
772,C:\Program Files (x86)\Python\Python36-32\work\nse\Rediff\profit.ndtv.com\stock\zandu-realty-ltd_zandurealt.html
773,C:\Program Files (x86)\Python\Python36-32\work\nse\Rediff\profit.ndtv.com\stock\zee-entertainment-enterprises-ltd_zeel.html
774,C:\Program Files (x86)\Python\Python36-32\work\nse\Rediff\profit.ndtv.com\stock\zee-media-corporation-ltd_zeenews.html
775,C:\Program Files (x86)\Python\Python36-32\work\nse\Rediff\profit.ndtv.com\stock\zenith-health-care-ltd_zenithhealth.html
776,C:\Program Files (x86)\Python\Python36-32\work\nse\Rediff\profit.ndtv.com\stock\zenotech-laboratories-ltd_zenotechlabs.html
